station_number,station_name,line_number,line_name,operator,latitude,longitude,data_date
D004,신사,I11D1,신분당선,경기도 신분당선,37.5161252633129,127.019760916726,2026-06-18
D005,논현,I11D1,신분당선,경기도 신분당선,37.5111153846379,127.021365807131,2026-06-18
D006,신논현,I11D1,신분당선,경기도 신분당선,37.504555429592,127.024530640799,2026-06-18
D007,강남,I11D1,신분당선,경기도 신분당선,37.4973854397871,127.02787893753,2026-06-18
D008,양재(서초구청),I11D1,신분당선,경기도 신분당선,37.4844535239588,127.034099452522,2026-06-18
D009,양재시민의숲(매헌),I11D1,신분당선,경기도 신분당선,37.4709638768813,127.038420263319,2026-06-18
D010,청계산입구,I11D1,신분당선,경기도 신분당선,37.4487148450701,127.054339616958,2026-06-18
D011,판교,I11D1,신분당선,경기도 신분당선,37.3957147534829,127.111210738619,2026-06-18
D012,정자,I11D1,신분당선,경기도 신분당선,37.3682101915529,127.108385905864,2026-06-18
D013,미금,I11D1,신분당선,경기도 신분당선,37.3511833209472,127.108902778591,2026-06-18
D014,동천,I11D1,신분당선,경기도 신분당선,37.3386841329961,127.102793673668,2026-06-18
D015,수지구청,I11D1,신분당선,경기도 신분당선,37.3230089609191,127.095581285703,2026-06-18
D016,성복,I11D1,신분당선,경기도 신분당선,37.3140425091456,127.080757826931,2026-06-18
D017,상현,I11D1,신분당선,경기도 신분당선,37.2986852587224,127.06957991138,2026-06-18
D018,광교중앙(아주대),I11D1,신분당선,경기도 신분당선,37.2877375194967,127.052625032841,2026-06-18
D019,광교(경기대),I11D1,신분당선,경기도 신분당선,37.3017347422146,127.044856131638,2026-06-18
Y110,기흥(백남준아트센터),L41E1,에버라인,경기도 용인경전철,37.27545288,127.1170465,2025-03-25
Y111,강남대,L41E1,에버라인,경기도 용인경전철,37.27017073,127.1260669,2025-03-25
Y112,지석,L41E1,에버라인,경기도 용인경전철,37.26973732,127.1363256,2025-03-25
Y113,어정,L41E1,에버라인,경기도 용인경전철,37.27495132,127.1437499,2025-03-25
Y114,동백(용인세브란스),L41E1,에버라인,경기도 용인경전철,37.26910138,127.1526906,2025-03-25
Y115,초당,L41E1,에버라인,경기도 용인경전철,37.26080647,127.1594692,2025-03-25
Y116,삼가,L41E1,에버라인,경기도 용인경전철,37.24205993,127.16818,2025-03-25
Y117,시청·용인대,L41E1,에버라인,경기도 용인경전철,37.23944203,127.1788851,2025-03-25
Y118,명지대,L41E1,에버라인,경기도 용인경전철,37.23807629,127.1902913,2025-03-25
Y119,김량장,L41E1,에버라인,경기도 용인경전철,37.23732377,127.1986109,2025-03-25
Y120,용인중앙시장(용인예술과학대),L41E1,에버라인,경기도 용인경전철,37.2379113,127.2090526,2025-03-25
Y121,고진,L41E1,에버라인,경기도 용인경전철,37.24463834,127.2141836,2025-03-25
Y122,보평,L41E1,에버라인,경기도 용인경전철,37.25896427,127.2184808,2025-03-25
Y123,둔전,L41E1,에버라인,경기도 용인경전철,37.26721222,127.2136387,2025-03-25
Y124,전대·에버랜드,L41E1,에버라인,경기도 용인경전철,37.28541327,127.219509,2025-03-25
A01,서울,I28A1,인천국제공항선,공항철도주식회사,37.55301784,126.9697643,2023-05-31
A02,공덕,I28A1,인천국제공항선,공항철도주식회사,37.5427105,126.9516296,2023-05-31
A03,홍대입구,I28A1,인천국제공항선,공항철도주식회사,37.55774103,126.9264939,2023-05-31
A04,디지털미디어시티,I28A1,인천국제공항선,공항철도주식회사,37.577355,126.898025,2023-05-31
A042,마곡나루,I28A1,인천국제공항선,공항철도주식회사,37.56581914,126.8276358,2023-05-31
A05,김포공항,I28A1,인천국제공항선,공항철도주식회사,37.56211652,126.8015442,2023-05-31
A06,계양,I28A1,인천국제공항선,공항철도주식회사,37.571769,126.736319,2023-05-31
A07,검암,I28A1,인천국제공항선,공항철도주식회사,37.56915547,126.6735357,2023-05-31
A071,청라국제도시,I28A1,인천국제공항선,공항철도주식회사,37.556509,126.624725,2023-05-31
A072,영종,I28A1,인천국제공항선,공항철도주식회사,37.51209814,126.5242471,2023-05-31
A08,운서,I28A1,인천국제공항선,공항철도주식회사,37.49284463,126.4936619,2023-05-31
A09,공항화물청사,I28A1,인천국제공항선,공항철도주식회사,37.45902611,126.4774333,2023-05-31
A10,인천공항1터미널,I28A1,인천국제공항선,공항철도주식회사,37.44760672,126.4523433,2023-05-31
A11,인천공항2터미널,I28A1,인천국제공항선,공항철도주식회사,37.46866,126.433415,2023-05-31
100,녹동,S2901,광주도시철도 1호선,광주교통공사,35.107028,126.933932,2022-09-02
101,소태,S2901,광주도시철도 1호선,광주교통공사,35.124108,126.932013,2022-09-02
102,학동증심사입구,S2901,광주도시철도 1호선,광주교통공사,35.133023,126.928382,2022-09-02
103,남광주,S2901,광주도시철도 1호선,광주교통공사,35.1389849,126.92318,2022-09-02
104,문화전당(구도청),S2901,광주도시철도 1호선,광주교통공사,35.14661,126.92005,2022-09-02
105,금남로4가,S2901,광주도시철도 1호선,광주교통공사,35.150976,126.914446,2022-09-02
106,금남로5가,S2901,광주도시철도 1호선,광주교통공사,35.153658,126.910033,2022-09-02
107,양동시장,S2901,광주도시철도 1호선,광주교통공사,35.154176,126.901089,2022-09-02
108,돌고개,S2901,광주도시철도 1호선,광주교통공사,35.152047,126.895637,2022-09-02
109,농성,S2901,광주도시철도 1호선,광주교통공사,35.153363,126.883973,2022-09-02
110,화정,S2901,광주도시철도 1호선,광주교통공사,35.152085,126.876698,2022-09-02
111,쌍촌,S2901,광주도시철도 1호선,광주교통공사,35.151793,126.869519,2022-09-02
112,운천,S2901,광주도시철도 1호선,광주교통공사,35.150486,126.858694,2022-09-02
113,상무,S2901,광주도시철도 1호선,광주교통공사,35.146784,126.848641,2022-09-02
114,김대중컨벤션센터(마륵),S2901,광주도시철도 1호선,광주교통공사,35.143214,126.841442,2022-09-02
115,공항,S2901,광주도시철도 1호선,광주교통공사,35.144179,126.81153,2022-09-02
116,송정공원,S2901,광주도시철도 1호선,광주교통공사,35.143565,126.799245,2022-09-02
117,광주송정역,S2901,광주도시철도 1호선,광주교통공사,35.137529,126.791488,2022-09-02
118,도산,S2901,광주도시철도 1호선,광주교통공사,35.131713,126.787942,2022-09-02
119,평동,S2901,광주도시철도 1호선,광주교통공사,35.1247,126.769586,2022-09-02
806,동구릉,S1108,8호선,구리도시공사,37.610556,127.135056,2024-08-12
807,구리(구리전통시장),S1108,8호선,구리도시공사,37.60256,127.14073,2024-08-12
808,장자호수공원,S1108,8호선,구리도시공사,37.587222,127.13793,2024-08-12
G100,양촌역,L41G1,김포도시철도,김포골드라인에스알에스㈜,37.641639,126.614694,2026-05-25
G101,구래역,L41G1,김포도시철도,김포골드라인에스알에스㈜,37.645354,126.6285,2026-05-25
G102,마산역,L41G1,김포도시철도,김포골드라인에스알에스㈜,37.640606,126.643944,2026-05-25
G103,장기역,L41G1,김포도시철도,김포골드라인에스알에스㈜,37.644028,126.669,2026-05-25
G104,운양역,L41G1,김포도시철도,김포골드라인에스알에스㈜,37.653861,126.683833,2026-05-25
G105,걸포북변역,L41G1,김포도시철도,김포골드라인에스알에스㈜,37.631639,126.70575,2026-05-25
G106,사우역,L41G1,김포도시철도,김포골드라인에스알에스㈜,37.620361,126.719722,2026-05-25
G107,풍무역,L41G1,김포도시철도,김포골드라인에스알에스㈜,37.612333,126.732583,2026-05-25
G108,고촌역,L41G1,김포도시철도,김포골드라인에스알에스㈜,37.60125,126.770361,2026-05-25
G109,김포공항역,L41G1,김포도시철도,김포골드라인에스알에스㈜,37.562309,126.801833,2026-05-25
S401,샛강,L11SL,수도권 경량도시철도 신림선,남서울경전철 주식회사,37.517219937,126.929403964,2025-09-23
S402,대방,L11SL,수도권 경량도시철도 신림선,남서울경전철 주식회사,37.512840166,126.925316781,2025-09-23
S403,서울지방병무청,L11SL,수도권 경량도시철도 신림선,남서울경전철 주식회사,37.50604687,126.922783404,2025-09-23
S404,보라매,L11SL,수도권 경량도시철도 신림선,남서울경전철 주식회사,37.500312709,126.920485864,2025-09-23
S405,보라매공원,L11SL,수도권 경량도시철도 신림선,남서울경전철 주식회사,37.495225405,126.918258811,2025-09-23
S406,보라매병원,L11SL,수도권 경량도시철도 신림선,남서울경전철 주식회사,37.4929607,126.923886,2025-09-23
S407,당곡,L11SL,수도권 경량도시철도 신림선,남서울경전철 주식회사,37.490039105,126.927568759,2025-09-23
S408,신림,L11SL,수도권 경량도시철도 신림선,남서울경전철 주식회사,37.484890755,126.92960992,2025-09-23
S409,서원,L11SL,수도권 경량도시철도 신림선,남서울경전철 주식회사,37.47827336,126.933228219,2025-09-23
S410,서울대벤처타운,L11SL,수도권 경량도시철도 신림선,남서울경전철 주식회사,37.47204068,126.933976556,2025-09-23
S411,관악산,L11SL,수도권 경량도시철도 신림선,남서울경전철 주식회사,37.46916896,126.944954837,2025-09-23
0405,진접역,I4104,진접선,남양주도시공사,37.720472,127.203167,2022-08-31
0406,오남역,I4104,진접선,남양주도시공사,37.7054056,127.191644,2022-08-31
0408,별내별가람역,I4104,진접선,남양주도시공사,37.667833,127.116167,2022-08-31
804,별내역,S4108,수도권 광역철도 8호선,남양주도시공사,37.642517,127.1273,2024-09-12
805,다산역,S4108,수도권 광역철도 8호선,남양주도시공사,37.62437,127.1498,2024-09-12
0115,설화명곡,S2701,대구 도시철도 1호선,대구교통공사,35.7986179,128.4893927,2025-03-31
0116,화원,S2701,대구 도시철도 1호선,대구교통공사,35.804349,128.500409,2025-03-31
0117,대곡(정부대구청사),S2701,대구 도시철도 1호선,대구교통공사,35.809571,128.51257,2025-03-31
0118,진천,S2701,대구 도시철도 1호선,대구교통공사,35.813815,128.522374,2025-03-31
0119,월배,S2701,대구 도시철도 1호선,대구교통공사,35.816123,128.530119,2025-03-31
0120,상인,S2701,대구 도시철도 1호선,대구교통공사,35.8188583,128.5375588,2025-03-31
0121,월촌,S2701,대구 도시철도 1호선,대구교통공사,35.823695,128.545465,2025-03-31
0122,송현,S2701,대구 도시철도 1호선,대구교통공사,35.831092,128.551755,2025-03-31
0123,서부정류장(관문시장),S2701,대구 도시철도 1호선,대구교통공사,35.8373375,128.5570702,2025-03-31
0124,대명,S2701,대구 도시철도 1호선,대구교통공사,35.8392924,128.5652846,2025-03-31
0125,안지랑,S2701,대구 도시철도 1호선,대구교통공사,35.8392,128.574,2025-03-31
0126,현충로,S2701,대구 도시철도 1호선,대구교통공사,35.84072,128.58085,2025-03-31
0127,영대병원,S2701,대구 도시철도 1호선,대구교통공사,35.8442516,128.5882407,2025-03-31
0128,교대,S2701,대구 도시철도 1호선,대구교통공사,35.8510953,128.590643,2025-03-31
0129,명덕(2.28민주운동기념회관),S2701,대구 도시철도 1호선,대구교통공사,35.857382,128.59088,2025-03-31
0130,반월당,S2701,대구 도시철도 1호선,대구교통공사,35.86389,128.593312,2025-03-31
0131,중앙로,S2701,대구 도시철도 1호선,대구교통공사,35.870873,128.593888,2025-03-31
0132,대구역,S2701,대구 도시철도 1호선,대구교통공사,35.876379,128.596919,2025-03-31
0133,칠성시장,S2701,대구 도시철도 1호선,대구교통공사,35.876159,128.604885,2025-03-31
0134,신천(경북대입구),S2701,대구 도시철도 1호선,대구교통공사,35.874527,128.617244,2025-03-31
0135,동대구역,S2701,대구 도시철도 1호선,대구교통공사,35.877626,128.627152,2025-03-31
0136,동구청(큰고개),S2701,대구 도시철도 1호선,대구교통공사,35.884485,128.632295,2025-03-31
0137,아양교(대구국제공항입구),S2701,대구 도시철도 1호선,대구교통공사,35.887208,128.639572,2025-03-31
0138,동촌(동촌유원지),S2701,대구 도시철도 1호선,대구교통공사,35.886039,128.650455,2025-03-31
0139,해안,S2701,대구 도시철도 1호선,대구교통공사,35.883765,128.659079,2025-03-31
0140,방촌,S2701,대구 도시철도 1호선,대구교통공사,35.879929,128.669767,2025-03-31
0141,용계,S2701,대구 도시철도 1호선,대구교통공사,35.876256,128.681414,2025-03-31
0142,율하,S2701,대구 도시철도 1호선,대구교통공사,35.869751,128.692775,2025-03-31
0143,신기,S2701,대구 도시철도 1호선,대구교통공사,35.866761,128.701724,2025-03-31
0144,반야월,S2701,대구 도시철도 1호선,대구교통공사,35.865948,128.713663,2025-03-31
0145,각산,S2701,대구 도시철도 1호선,대구교통공사,35.867852,128.723843,2025-03-31
0146,안심(혁신도시·첨복단지),S2701,대구 도시철도 1호선,대구교통공사,35.8712,128.7338,2025-03-31
0147,대구한의대병원,S2701,대구 도시철도 1호선,대구교통공사,35.8717089,128.7508237,2025-03-31
0148,부호(경일대·호산대),S2701,대구 도시철도 1호선,대구교통공사,35.9002809,128.8031144,2025-03-31
0149,하양(대구가톨릭대),S2701,대구 도시철도 1호선,대구교통공사,35.9094258,128.8175403,2025-03-31
0216,문양,S2702,대구 도시철도 2호선,대구교통공사,35.86414313,128.4370043,2025-03-31
0217,다사,S2702,대구 도시철도 2호선,대구교통공사,35.86495301,128.4582876,2025-03-31
0218,대실,S2702,대구 도시철도 2호선,대구교통공사,35.8573333,128.4656264,2025-03-31
0219,강창,S2702,대구 도시철도 2호선,대구교통공사,35.8531116,128.4789997,2025-03-31
0220,계명대,S2702,대구 도시철도 2호선,대구교통공사,35.85146491,128.491969,2025-03-31
0221,성서산업단지,S2702,대구 도시철도 2호선,대구교통공사,35.8518236,128.5071662,2025-03-31
0222,이곡,S2702,대구 도시철도 2호선,대구교통공사,35.85062003,128.5157686,2025-03-31
0223,용산(서부법원․검찰청입구),S2702,대구 도시철도 2호선,대구교통공사,35.84912,128.5287686,2025-03-31
0224,죽전,S2702,대구 도시철도 2호선,대구교통공사,35.8503505,128.537089,2025-03-31
0225,감삼,S2702,대구 도시철도 2호선,대구교통공사,35.8543251,128.547905,2025-03-31
0226,두류,S2702,대구 도시철도 2호선,대구교통공사,35.8572405,128.555509,2025-03-31
0227,내당,S2702,대구 도시철도 2호선,대구교통공사,35.860194,128.564593,2025-03-31
0228,반고개,S2702,대구 도시철도 2호선,대구교통공사,35.8623,128.572817,2025-03-31
0229,청라언덕,S2702,대구 도시철도 2호선,대구교통공사,35.865,128.58232271,2025-03-31
0230,반월당,S2702,대구 도시철도 2호선,대구교통공사,35.865592,128.593334,2025-03-31
0231,경대병원,S2702,대구 도시철도 2호선,대구교통공사,35.863102,128.60316,2025-03-31
0232,대구은행(대구교육청),S2702,대구 도시철도 2호선,대구교통공사,35.859868,128.613975,2025-03-31
0233,범어,S2702,대구 도시철도 2호선,대구교통공사,35.8591,128.6257,2025-03-31
0234,수성구청(KBS),S2702,대구 도시철도 2호선,대구교통공사,35.85874022,128.6359517,2025-03-31
0235,만촌,S2702,대구 도시철도 2호선,대구교통공사,35.858841,128.644951,2025-03-31
0236,담티(수성대·대륜),S2702,대구 도시철도 2호선,대구교통공사,35.854841,128.654151,2025-03-31
0237,연호,S2702,대구 도시철도 2호선,대구교통공사,35.8465,128.67185,2025-03-31
0238,수성알파시티(삼성라이온즈파크),S2702,대구 도시철도 2호선,대구교통공사,35.842718,128.67999,2025-03-31
0239,고산,S2702,대구 도시철도 2호선,대구교통공사,35.842955,128.69335,2025-03-31
0240,신매,S2702,대구 도시철도 2호선,대구교통공사,35.8408,128.705,2025-03-31
0241,사월,S2702,대구 도시철도 2호선,대구교통공사,35.837066,128.715173,2025-03-31
0242,정평,S2702,대구 도시철도 2호선,대구교통공사,35.83407,128.728695,2025-03-31
0243,임당,S2702,대구 도시철도 2호선,대구교통공사,35.834131,128.741076,2025-03-31
0244,영남대,S2702,대구 도시철도 2호선,대구교통공사,35.836373,128.752966,2025-03-31
0312,칠곡경대병원,S2703,대구 도시철도 3호선,대구교통공사,35.95838748,128.5598908,2025-03-31
0313,학정,S2703,대구 도시철도 3호선,대구교통공사,35.95155512,128.5591934,2025-03-31
0314,팔거(국립농관원통계청),S2703,대구 도시철도 3호선,대구교통공사,35.94404716,128.5583366,2025-03-31
0315,동천,S2703,대구 도시철도 3호선,대구교통공사,35.93770658,128.556683,2025-03-31
0316,칠곡운암,S2703,대구 도시철도 3호선,대구교통공사,35.93145534,128.5545305,2025-03-31
0317,구암(과학대보건대입구),S2703,대구 도시철도 3호선,대구교통공사,35.92574223,128.5503415,2025-03-31
0318,태전,S2703,대구 도시철도 3호선,대구교통공사,35.9196172,128.547388,2025-03-31
0319,매천,S2703,대구 도시철도 3호선,대구교통공사,35.91265,128.5434,2025-03-31
0320,매천시장,S2703,대구 도시철도 3호선,대구교통공사,35.90443,128.545755,2025-03-31
0321,팔달,S2703,대구 도시철도 3호선,대구교통공사,35.89777,128.5468,2025-03-31
0322,공단,S2703,대구 도시철도 3호선,대구교통공사,35.892,128.5536,2025-03-31
0323,만평,S2703,대구 도시철도 3호선,대구교통공사,35.889893,128.561002,2025-03-31
0324,팔달시장,S2703,대구 도시철도 3호선,대구교통공사,35.88883085,128.5678716,2025-03-31
0325,원대,S2703,대구 도시철도 3호선,대구교통공사,35.887886,128.574392,2025-03-31
0326,북구청 (대구iM뱅크파크),S2703,대구 도시철도 3호선,대구교통공사,35.88381395,128.5814483,2025-03-31
0327,달성공원,S2703,대구 도시철도 3호선,대구교통공사,35.87573001,128.5821218,2025-03-31
0328,서문시장(동산병원),S2703,대구 도시철도 3호선,대구교통공사,35.86966429,128.582241,2025-03-31
0329,청라언덕(신남),S2703,대구 도시철도 3호선,대구교통공사,35.86419437,128.5823758,2025-03-31
0330,남산(계명네거리),S2703,대구 도시철도 3호선,대구교통공사,35.85668979,128.5834576,2025-03-31
0331,명덕(2·28민주운동기념회관),S2703,대구 도시철도 3호선,대구교통공사,35.85694518,128.5900469,2025-03-31
0332,건들바위,S2703,대구 도시철도 3호선,대구교통공사,35.85538252,128.5996903,2025-03-31
0333,대봉교,S2703,대구 도시철도 3호선,대구교통공사,35.85499783,128.6063685,2025-03-31
0334,수성시장,S2703,대구 도시철도 3호선,대구교통공사,35.85431676,128.6160292,2025-03-31
0335,수성구민운동장,S2703,대구 도시철도 3호선,대구교통공사,35.85240979,128.6251246,2025-03-31
0336,어린이세상,S2703,대구 도시철도 3호선,대구교통공사,35.84516989,128.6244677,2025-03-31
0337,황금,S2703,대구 도시철도 3호선,대구교통공사,35.83907838,128.6239185,2025-03-31
0338,수성못(TBC),S2703,대구 도시철도 3호선,대구교통공사,35.83135605,128.6232167,2025-03-31
0339,지산,S2703,대구 도시철도 3호선,대구교통공사,35.82515322,128.6319513,2025-03-31
0340,범물,S2703,대구 도시철도 3호선,대구교통공사,35.82083917,128.6401127,2025-03-31
0341,용지,S2703,대구 도시철도 3호선,대구교통공사,35.8182678,128.6465345,2025-03-31
101,판암,S3001,대전 도시철도 1호선,대전교통공사,36.316896,127.458264,2026-06-25
102,신흥,S3001,대전 도시철도 1호선,대전교통공사,36.319652,127.448792,2026-06-25
103,대동,S3001,대전 도시철도 1호선,대전교통공사,36.329532,127.442848,2026-06-25
104,대전,S3001,대전 도시철도 1호선,대전교통공사,36.331583,127.433118,2026-06-25
105,중앙로,S3001,대전 도시철도 1호선,대전교통공사,36.328664,127.425842,2026-06-25
106,중구청,S3001,대전 도시철도 1호선,대전교통공사,36.324831,127.419627,2026-06-25
107,서대전네거리,S3001,대전 도시철도 1호선,대전교통공사,36.322416,127.412518,2026-06-25
108,오룡,S3001,대전 도시철도 1호선,대전교통공사,36.328582,127.405046,2026-06-25
109,용문,S3001,대전 도시철도 1호선,대전교통공사,36.338252,127.393317,2026-06-25
110,탄방,S3001,대전 도시철도 1호선,대전교통공사,36.34544,127.384603,2026-06-25
111,시청,S3001,대전 도시철도 1호선,대전교통공사,36.351673,127.386739,2026-06-25
112,정부청사,S3001,대전 도시철도 1호선,대전교통공사,36.357661,127.381047,2026-06-25
113,갈마,S3001,대전 도시철도 1호선,대전교통공사,36.357522,127.372632,2026-06-25
114,월평,S3001,대전 도시철도 1호선,대전교통공사,36.358272,127.364382,2026-06-25
115,갑천,S3001,대전 도시철도 1호선,대전교통공사,36.354578,127.354467,2026-06-25
116,유성온천,S3001,대전 도시철도 1호선,대전교통공사,36.353689,127.341524,2026-06-25
117,구암,S3001,대전 도시철도 1호선,대전교통공사,36.356605,127.33083,2026-06-25
118,현충원,S3001,대전 도시철도 1호선,대전교통공사,36.359021,127.321525,2026-06-25
119,월드컵경기장,S3001,대전 도시철도 1호선,대전교통공사,36.366825,127.317859,2026-06-25
120,노은,S3001,대전 도시철도 1호선,대전교통공사,36.37415,127.317835,2026-06-25
121,지족,S3001,대전 도시철도 1호선,대전교통공사,36.384106,127.319501,2026-06-25
122,반석,S3001,대전 도시철도 1호선,대전교통공사,36.392128,127.314581,2026-06-25
0095,다대포해수욕장,S2601,부산 도시철도 1호선,부산광역시 부산교통공사,35.048229,128.965919,2022-11-30
0096,다대포항,S2601,부산 도시철도 1호선,부산광역시 부산교통공사,35.057288,128.971151,2022-11-30
0097,낫개,S2601,부산 도시철도 1호선,부산광역시 부산교통공사,35.065179,128.979702,2022-11-30
0098,신장림,S2601,부산 도시철도 1호선,부산광역시 부산교통공사,35.074222,128.976538,2022-11-30
0099,장림,S2601,부산 도시철도 1호선,부산광역시 부산교통공사,35.081555,128.9773083,2022-11-30
0100,동매,S2601,부산 도시철도 1호선,부산광역시 부산교통공사,35.089819,128.974029,2022-11-30
0101,신평,S2601,부산 도시철도 1호선,부산광역시 부산교통공사,35.09556,128.96056,2022-11-30
0102,하단,S2601,부산 도시철도 1호선,부산광역시 부산교통공사,35.10611,128.96667,2022-11-30
0103,당리,S2601,부산 도시철도 1호선,부산광역시 부산교통공사,35.10333,128.97417,2022-11-30
0104,사하,S2601,부산 도시철도 1호선,부산광역시 부산교통공사,35.09972,128.98333,2022-11-30
0105,괴정,S2601,부산 도시철도 1호선,부산광역시 부산교통공사,35.1,128.9925,2022-11-30
0106,대티,S2601,부산 도시철도 1호선,부산광역시 부산교통공사,35.10306,128.99972,2022-11-30
0107,서대신,S2601,부산 도시철도 1호선,부산광역시 부산교통공사,35.11083,129.01194,2022-11-30
0108,동대신,S2601,부산 도시철도 1호선,부산광역시 부산교통공사,35.11056,129.01757,2022-11-30
0109,토성,S2601,부산 도시철도 1호선,부산광역시 부산교통공사,35.10083,129.01972,2022-11-30
0110,자갈치,S2601,부산 도시철도 1호선,부산광역시 부산교통공사,35.0975,129.02694,2022-11-30
0111,남포,S2601,부산 도시철도 1호선,부산광역시 부산교통공사,35.09778,129.03472,2022-11-30
0112,중앙,S2601,부산 도시철도 1호선,부산광역시 부산교통공사,35.10389,129.03639,2022-11-30
0113,부산역,S2601,부산 도시철도 1호선,부산광역시 부산교통공사,35.11528,129.03972,2022-11-30
0114,초량,S2601,부산 도시철도 1호선,부산광역시 부산교통공사,35.12111,129.04296,2022-11-30
0115,부산진,S2601,부산 도시철도 1호선,부산광역시 부산교통공사,35.12778,129.04778,2022-11-30
0116,좌천,S2601,부산 도시철도 1호선,부산광역시 부산교통공사,35.13417,129.05417,2022-11-30
0117,범일,S2601,부산 도시철도 1호선,부산광역시 부산교통공사,35.14139,129.05944,2022-11-30
0118,범내골,S2601,부산 도시철도 1호선,부산광역시 부산교통공사,35.14722,129.05917,2022-11-30
0119,서면,S2601,부산 도시철도 1호선,부산광역시 부산교통공사,35.15778,129.05917,2022-11-30
0120,부전,S2601,부산 도시철도 1호선,부산광역시 부산교통공사,35.1625,129.06278,2022-11-30
0121,양정,S2601,부산 도시철도 1호선,부산광역시 부산교통공사,35.17304,129.07119,2022-11-30
0122,시청(연제),S2601,부산 도시철도 1호선,부산광역시 부산교통공사,35.17972,129.07667,2022-11-30
0123,연산,S2601,부산 도시철도 1호선,부산광역시 부산교통공사,35.18611,129.08167,2022-11-30
0124,교대,S2601,부산 도시철도 1호선,부산광역시 부산교통공사,35.19583,129.08,2022-11-30
0125,동래,S2601,부산 도시철도 1호선,부산광역시 부산교통공사,35.20556,129.078461,2022-11-30
0126,명륜,S2601,부산 도시철도 1호선,부산광역시 부산교통공사,35.21222,129.07944,2022-11-30
0127,온천장,S2601,부산 도시철도 1호선,부산광역시 부산교통공사,35.22056,129.08667,2022-11-30
0128,부산대,S2601,부산 도시철도 1호선,부산광역시 부산교통공사,35.23,129.08944,2022-11-30
0129,장전,S2601,부산 도시철도 1호선,부산광역시 부산교통공사,35.23806,129.08806,2022-11-30
0130,구서,S2601,부산 도시철도 1호선,부산광역시 부산교통공사,35.247407,129.091327,2022-11-30
0131,두실,S2601,부산 도시철도 1호선,부산광역시 부산교통공사,35.25694,129.09139,2022-11-30
0132,남산,S2601,부산 도시철도 1호선,부산광역시 부산교통공사,35.26528,129.0925,2022-11-30
0133,범어사,S2601,부산 도시철도 1호선,부산광역시 부산교통공사,35.27333,129.09268,2022-11-30
0134,노포,S2601,부산 도시철도 1호선,부산광역시 부산교통공사,35.28361,129.095,2022-11-30
0201,장산,S2602,부산 도시철도 2호선,부산광역시 부산교통공사,35.17,129.17694,2022-11-30
0202,중동,S2602,부산 도시철도 2호선,부산광역시 부산교통공사,35.16669,129.16887,2022-11-30
0203,해운대,S2602,부산 도시철도 2호선,부산광역시 부산교통공사,35.163518,129.158584,2022-11-30
0204,동백,S2602,부산 도시철도 2호선,부산광역시 부산교통공사,35.16147,129.147887,2022-11-30
0205,벡스코,S2602,부산 도시철도 2호선,부산광역시 부산교통공사,35.16911,129.138431,2022-11-30
0206,센텀시티,S2602,부산 도시철도 2호선,부산광역시 부산교통공사,35.16892,129.131764,2022-11-30
0207,민락,S2602,부산 도시철도 2호선,부산광역시 부산교통공사,35.16722,129.121878,2022-11-30
0208,수영,S2602,부산 도시철도 2호선,부산광역시 부산교통공사,35.16578,129.114842,2022-11-30
0209,광안,S2602,부산 도시철도 2호선,부산광역시 부산교통공사,35.15792,129.113197,2022-11-30
0210,금련산,S2602,부산 도시철도 2호선,부산광역시 부산교통공사,35.14989,129.111008,2022-11-30
0211,남천,S2602,부산 도시철도 2호선,부산광역시 부산교통공사,35.14217,129.10797,2022-11-30
0212,경성대·부경대,S2602,부산 도시철도 2호선,부산광역시 부산교통공사,35.13757,129.10055,2022-11-30
0213,대연,S2602,부산 도시철도 2호선,부산광역시 부산교통공사,35.13512,129.09218,2022-11-30
0214,못골,S2602,부산 도시철도 2호선,부산광역시 부산교통공사,35.13472,129.08442,2022-11-30
0215,지게골,S2602,부산 도시철도 2호선,부산광역시 부산교통공사,35.13558,129.07436,2022-11-30
0216,문현,S2602,부산 도시철도 2호선,부산광역시 부산교통공사,35.13911,129.06736,2022-11-30
0217,국제금융센터·부산은행,S2602,부산 도시철도 2호선,부산광역시 부산교통공사,35.14583,129.06672,2022-11-30
0218,전포,S2602,부산 도시철도 2호선,부산광역시 부산교통공사,35.15311,129.06533,2022-11-30
0219,서면,S2602,부산 도시철도 2호선,부산광역시 부산교통공사,35.15768,129.058517,2022-11-30
0220,부암,S2602,부산 도시철도 2호선,부산광역시 부산교통공사,35.15744,129.05019,2022-11-30
0221,가야,S2602,부산 도시철도 2호선,부산광역시 부산교통공사,35.15589,129.04283,2022-11-30
0222,동의대,S2602,부산 도시철도 2호선,부산광역시 부산교통공사,35.15411,129.0325,2022-11-30
0223,개금,S2602,부산 도시철도 2호선,부산광역시 부산교통공사,35.15325,129.02056,2022-11-30
0224,냉정,S2602,부산 도시철도 2호선,부산광역시 부산교통공사,35.15125,129.01228,2022-11-30
0225,주례,S2602,부산 도시철도 2호선,부산광역시 부산교통공사,35.1505,129.00306,2022-11-30
0226,감전,S2602,부산 도시철도 2호선,부산광역시 부산교통공사,35.15553,128.99114,2022-11-30
0227,사상,S2602,부산 도시철도 2호선,부산광역시 부산교통공사,35.16218,128.98467,2022-11-30
0228,덕포,S2602,부산 도시철도 2호선,부산광역시 부산교통공사,35.17378,128.98394,2022-11-30
0229,모덕,S2602,부산 도시철도 2호선,부산광역시 부산교통공사,35.18036,128.98561,2022-11-30
0230,모라,S2602,부산 도시철도 2호선,부산광역시 부산교통공사,35.18967,128.98864,2022-11-30
0231,구남,S2602,부산 도시철도 2호선,부산광역시 부산교통공사,35.19681,128.99492,2022-11-30
0232,구명,S2602,부산 도시철도 2호선,부산광역시 부산교통공사,35.20253,128.99931,2022-11-30
0233,덕천,S2602,부산 도시철도 2호선,부산광역시 부산교통공사,35.21011,129.00533,2022-11-30
0234,수정,S2602,부산 도시철도 2호선,부산광역시 부산교통공사,35.22336,129.00922,2022-11-30
0235,화명,S2602,부산 도시철도 2호선,부산광역시 부산교통공사,35.23585,129.01387,2022-11-30
0236,율리,S2602,부산 도시철도 2호선,부산광역시 부산교통공사,35.24672,129.01292,2022-11-30
0237,동원,S2602,부산 도시철도 2호선,부산광역시 부산교통공사,35.25864,129.01242,2022-11-30
0238,금곡,S2602,부산 도시철도 2호선,부산광역시 부산교통공사,35.26733,129.01686,2022-11-30
0239,호포,S2602,부산 도시철도 2호선,부산광역시 부산교통공사,35.281,129.017525,2022-11-30
0240,증산,S2602,부산 도시철도 2호선,부산광역시 부산교통공사,35.30828,129.01028,2022-11-30
0241,부산대양산캠퍼스,S2602,부산 도시철도 2호선,부산광역시 부산교통공사,35.31697,129.01383,2022-11-30
0242,남양산,S2602,부산 도시철도 2호선,부산광역시 부산교통공사,35.32533,129.01942,2022-11-30
0243,양산,S2602,부산 도시철도 2호선,부산광역시 부산교통공사,35.33851,129.02643,2022-11-30
0301,수영,S2603,부산 도시철도 3호선,부산광역시 부산교통공사,35.16775,129.11458,2022-11-30
0302,망미,S2603,부산 도시철도 3호선,부산광역시 부산교통공사,35.17153,129.10822,2022-11-30
0303,배산,S2603,부산 도시철도 3호선,부산광역시 부산교통공사,35.1735,129.0955,2022-11-30
0304,물만골,S2603,부산 도시철도 3호선,부산광역시 부산교통공사,35.17681,129.08575,2022-11-30
0305,연산,S2603,부산 도시철도 3호선,부산광역시 부산교통공사,35.18614,129.08147,2022-11-30
0306,거제,S2603,부산 도시철도 3호선,부산광역시 부산교통공사,35.18858,129.07394,2022-11-30
0307,종합운동장,S2603,부산 도시철도 3호선,부산광역시 부산교통공사,35.19125,129.0675,2022-11-30
0308,사직,S2603,부산 도시철도 3호선,부산광역시 부산교통공사,35.199,129.065,2022-11-30
0309,미남,S2603,부산 도시철도 3호선,부산광역시 부산교통공사,35.2055,129.06806,2022-11-30
0310,만덕,S2603,부산 도시철도 3호선,부산광역시 부산교통공사,35.213,129.0365,2022-11-30
0311,남산정,S2603,부산 도시철도 3호선,부산광역시 부산교통공사,35.21333,129.02392,2022-11-30
0312,숙등,S2603,부산 도시철도 3호선,부산광역시 부산교통공사,35.21197,129.01275,2022-11-30
0313,덕천,S2603,부산 도시철도 3호선,부산광역시 부산교통공사,35.210139,129.005545,2022-11-30
0314,구포,S2603,부산 도시철도 3호선,부산광역시 부산교통공사,35.20644,128.99631,2022-11-30
0315,강서구청,S2603,부산 도시철도 3호선,부산광역시 부산교통공사,35.21125,128.98175,2022-11-30
0316,체육공원,S2603,부산 도시철도 3호선,부산광역시 부산교통공사,35.21261,128.96894,2022-11-30
0317,대저,S2603,부산 도시철도 3호선,부산광역시 부산교통공사,35.21343,128.96074,2022-11-30
0401,미남,L2604,부산 경량도시철도 4호선,부산광역시 부산교통공사,35.20643,129.06868,2022-11-30
0402,동래,L2604,부산 경량도시철도 4호선,부산광역시 부산교통공사,35.20466,129.07741,2022-11-30
0403,수안,L2604,부산 경량도시철도 4호선,부산광역시 부산교통공사,35.20183,129.08378,2022-11-30
0404,낙민,L2604,부산 경량도시철도 4호선,부산광역시 부산교통공사,35.20025,129.09078,2022-11-30
0405,충렬사,L2604,부산 경량도시철도 4호선,부산광역시 부산교통공사,35.19986,129.09764,2022-11-30
0406,명장,L2604,부산 경량도시철도 4호선,부산광역시 부산교통공사,35.20503,129.10161,2022-11-30
0407,서동,L2604,부산 경량도시철도 4호선,부산광역시 부산교통공사,35.21331,129.10769,2022-11-30
0408,금사,L2604,부산 경량도시철도 4호선,부산광역시 부산교통공사,35.21583,129.11517,2022-11-30
0409,반여농산물시장,L2604,부산 경량도시철도 4호선,부산광역시 부산교통공사,35.21778,129.12397,2022-11-30
0410,석대,L2604,부산 경량도시철도 4호선,부산광역시 부산교통공사,35.21825,129.13717,2022-11-30
0411,영산대,L2604,부산 경량도시철도 4호선,부산광역시 부산교통공사,35.22578,129.14617,2022-11-30
0412,윗반송,L2604,부산 경량도시철도 4호선,부산광역시 부산교통공사,35.2325,129.15403,2022-11-30
0413,고촌,L2604,부산 경량도시철도 4호선,부산광역시 부산교통공사,35.23603,129.1605,2022-11-30
0414,안평,L2604,부산 경량도시철도 4호선,부산광역시 부산교통공사,35.23733,129.17183,2022-11-30
0001,사상,L48B1,부산김해경전철,부산-김해경전철㈜,35.1623018,128.9859408,2022-04-27
0002,괘법르네시떼,L48B1,부산김해경전철,부산-김해경전철㈜,35.1632616,128.9776836,2022-04-27
0003,서부산유통지구,L48B1,부산김해경전철,부산-김해경전철㈜,35.16640204,128.9548881,2022-04-27
0004,공항,L48B1,부산김해경전철,부산-김해경전철㈜,35.171906,128.948586,2022-04-27
0005,덕두,L48B1,부산김해경전철,부산-김해경전철㈜,35.182001,128.954198,2022-04-27
0006,등구,L48B1,부산김해경전철,부산-김해경전철㈜,35.196143,128.963599,2022-04-27
0007,대저,L48B1,부산김해경전철,부산-김해경전철㈜,35.213066,128.960562,2022-04-27
0008,평강,L48B1,부산김해경전철,부산-김해경전철㈜,35.214105,128.950825,2022-04-27
0009,대사,L48B1,부산김해경전철,부산-김해경전철㈜,35.217657,128.938417,2022-04-27
0010,불암,L48B1,부산김해경전철,부산-김해경전철㈜,35.222162,128.927893,2022-04-27
0011,지내,L48B1,부산김해경전철,부산-김해경전철㈜,35.2275,128.923721,2022-04-27
0012,김해대학,L48B1,부산김해경전철,부산-김해경전철㈜,35.22899,128.915612,2022-04-27
0013,인제대,L48B1,부산김해경전철,부산-김해경전철㈜,35.228099,128.901736,2022-04-27
0014,김해시청,L48B1,부산김해경전철,부산-김해경전철㈜,35.227103,128.89041,2022-04-27
0015,부원,L48B1,부산김해경전철,부산-김해경전철㈜,35.22646624,128.8838997,2022-04-27
0016,봉황,L48B1,부산김해경전철,부산-김해경전철㈜,35.22726757,128.8743069,2022-04-27
0017,수로왕릉,L48B1,부산김해경전철,부산-김해경전철㈜,35.2328215,128.8721409,2022-04-27
0018,박물관,L48B1,부산김해경전철,부산-김해경전철㈜,35.24006467,128.8718628,2022-04-27
0019,연지공원,L48B1,부산김해경전철,부산-김해경전철㈜,35.24965763,128.8692908,2022-04-27
0020,장신대,L48B1,부산김해경전철,부산-김해경전철㈜,35.25955642,128.8671142,2022-04-27
0021,가야대,L48B1,부산김해경전철,부산-김해경전철㈜,35.26672721,128.8650703,2022-04-27
0124,청량리(서울시립대입구),I4101,1호선,서울교통공사,37.580148,127.045063,2024-12-31
0125,제기동,I4101,1호선,서울교통공사,37.578116,127.034902,2024-12-31
0126,신설동,I4101,1호선,서울교통공사,37.576117,127.02471,2024-12-31
0127,동묘앞,I4101,1호선,서울교통공사,37.573265,127.016459,2024-12-31
0128,동대문,I4101,1호선,서울교통공사,37.571646,127.01069,2024-12-31
0129,종로5가,I4101,1호선,서울교통공사,37.570971,127.0019,2024-12-31
0130,종로3가,I4101,1호선,서울교통공사,37.570429,126.992095,2024-12-31
0131,종각,I4101,1호선,서울교통공사,37.570203,126.983116,2024-12-31
0132,시청,I4101,1호선,서울교통공사,37.565211,126.977207,2024-12-31
0133,서울역,I4101,1호선,서울교통공사,37.55585,126.972103,2024-12-31
0201,시청,S1102,2호선,서울교통공사,37.563534,126.975271,2024-12-31
0202,을지로입구,S1102,2호선,서울교통공사,37.565998,126.982569,2024-12-31
0203,을지로3가,S1102,2호선,서울교통공사,37.566292,126.990873,2024-12-31
0204,을지로4가,S1102,2호선,서울교통공사,37.566611,126.997622,2024-12-31
0205,동대문역사문화공원(DDP),S1102,2호선,서울교통공사,37.565609,127.009083,2024-12-31
0206,신당,S1102,2호선,서울교통공사,37.565675,127.0194259,2024-12-31
0207,상왕십리,S1102,2호선,서울교통공사,37.564444,127.029322,2024-12-31
0208,왕십리(성동구청),S1102,2호선,서울교통공사,37.561289,127.0370615,2024-12-31
0209,한양대,S1102,2호선,서울교통공사,37.555758,127.0436594,2024-12-31
0210,뚝섬,S1102,2호선,서울교통공사,37.54718,127.047413,2024-12-31
0211,성수,S1102,2호선,서울교통공사,37.544628,127.055983,2024-12-31
0212,건대입구,S1102,2호선,서울교통공사,37.540408,127.069231,2024-12-31
0213,구의(광진구청),S1102,2호선,서울교통공사,37.537157,127.0862124,2024-12-31
0214,강변(동서울터미널),S1102,2호선,서울교통공사,37.535161,127.094684,2024-12-31
0215,잠실나루,S1102,2호선,서울교통공사,37.520688,127.103836,2024-12-31
0216,잠실(송파구청),S1102,2호선,서울교통공사,37.513305,127.100129,2024-12-31
0217,잠실새내,S1102,2호선,서울교통공사,37.511653,127.086224,2024-12-31
0218,종합운동장,S1102,2호선,서울교통공사,37.511128,127.073841,2024-12-31
0219,삼성(무역센터),S1102,2호선,서울교통공사,37.508827,127.063203,2024-12-31
0220,선릉,S1102,2호선,서울교통공사,37.504257,127.048174,2024-12-31
0221,역삼,S1102,2호선,서울교통공사,37.500658,127.03643,2024-12-31
0222,강남,S1102,2호선,서울교통공사,37.49805,127.02795,2024-12-31
0223,교대(법원·검찰청),S1102,2호선,서울교통공사,37.493957,127.014431,2024-12-31
0224,서초,S1102,2호선,서울교통공사,37.49191,127.007685,2024-12-31
0225,방배,S1102,2호선,서울교통공사,37.481469,126.997627,2024-12-31
0226,사당,S1102,2호선,서울교통공사,37.476536,126.981631,2024-12-31
0227,낙성대(강감찬),S1102,2호선,서울교통공사,37.47713,126.963583,2024-12-31
0228,서울대입구(관악구청),S1102,2호선,서울교통공사,37.481233,126.952745,2024-12-31
0229,봉천,S1102,2호선,서울교통공사,37.482416,126.941696,2024-12-31
0230,신림,S1102,2호선,서울교통공사,37.484216,126.929573,2024-12-31
0231,신대방,S1102,2호선,서울교통공사,37.487604,126.913479,2024-12-31
0232,구로디지털단지,S1102,2호선,서울교통공사,37.4852931,126.901456,2024-12-31
0233,대림(구로구청),S1102,2호선,서울교통공사,37.4932826,126.8949793,2024-12-31
0234,신도림,S1102,2호선,서울교통공사,37.508815,126.891222,2024-12-31
0235,문래,S1102,2호선,서울교통공사,37.517993,126.894766,2024-12-31
0236,영등포구청,S1102,2호선,서울교통공사,37.525766,126.896627,2024-12-31
0237,당산,S1102,2호선,서울교통공사,37.534807,126.902611,2024-12-31
0238,합정,S1102,2호선,서울교통공사,37.550025,126.914557,2024-12-31
0239,홍대입구,S1102,2호선,서울교통공사,37.556748,126.923643,2024-12-31
0240,신촌(지하),S1102,2호선,서울교통공사,37.555153,126.93689,2024-12-31
0241,이대,S1102,2호선,서울교통공사,37.556734,126.945897,2024-12-31
0242,아현,S1102,2호선,서울교통공사,37.557407,126.956079,2024-12-31
0243,충정로(경기대입구),S1102,2호선,서울교통공사,37.559742,126.964455,2024-12-31
0319,지축,I1103,3호선,서울교통공사,37.648151,126.913751,2024-12-31
0320,구파발,I1103,3호선,서울교통공사,37.636612,126.918827,2024-12-31
0321,연신내,I1103,3호선,서울교통공사,37.619295,126.920959,2024-12-31
0322,불광,I1103,3호선,서울교통공사,37.610154,126.930183,2024-12-31
0323,녹번,I1103,3호선,서울교통공사,37.600882,126.935758,2024-12-31
0324,홍제,I1103,3호선,서울교통공사,37.588851,126.944092,2024-12-31
0325,무악재,I1103,3호선,서울교통공사,37.582658,126.950131,2024-12-31
0326,독립문,I1103,3호선,서울교통공사,37.574534,126.957902,2024-12-31
0327,경복궁(정부서울청사),I1103,3호선,서울교통공사,37.575844,126.973576,2024-12-31
0328,안국,I1103,3호선,서울교통공사,37.576562,126.98547,2024-12-31
0329,종로3가,I1103,3호선,서울교통공사,37.571537,126.991837,2024-12-31
0330,을지로3가,I1103,3호선,서울교통공사,37.566299,126.992616,2024-12-31
0331,충무로,I1103,3호선,서울교통공사,37.561382,126.994173,2024-12-31
0332,동대입구,I1103,3호선,서울교통공사,37.55906,127.005273,2024-12-31
0333,약수,I1103,3호선,서울교통공사,37.554554,127.010858,2024-12-31
0334,금호,I1103,3호선,서울교통공사,37.548269,127.015785,2024-12-31
0335,옥수,I1103,3호선,서울교통공사,37.541653,127.017303,2024-12-31
0336,압구정,I1103,3호선,서울교통공사,37.526169,127.028502,2024-12-31
0337,신사,I1103,3호선,서울교통공사,37.516438,127.020247,2024-12-31
0338,잠원,I1103,3호선,서울교통공사,37.512989,127.011613,2024-12-31
0339,고속터미널,I1103,3호선,서울교통공사,37.504953,127.004916,2024-12-31
0340,교대(법원·검찰청),I1103,3호선,서울교통공사,37.49306,127.013796,2024-12-31
0341,남부터미널(예술의전당),I1103,3호선,서울교통공사,37.48494,127.016289,2024-12-31
0342,양재(서초구청),I1103,3호선,서울교통공사,37.48458,127.03423,2024-12-31
0343,매봉,I1103,3호선,서울교통공사,37.487114,127.046907,2024-12-31
0344,도곡,I1103,3호선,서울교통공사,37.491129,127.055694,2024-12-31
0345,대치,I1103,3호선,서울교통공사,37.494601,127.063449,2024-12-31
0346,학여울,I1103,3호선,서울교통공사,37.496787,127.0708601,2024-12-31
0347,대청,I1103,3호선,서울교통공사,37.493607,127.079526,2024-12-31
0348,일원,I1103,3호선,서울교통공사,37.48389,127.08416,2024-12-31
0349,수서,I1103,3호선,서울교통공사,37.4875,127.101924,2024-12-31
0350,가락시장,I1103,3호선,서울교통공사,37.492318,127.1177,2024-12-31
0351,경찰병원,I1103,3호선,서울교통공사,37.495754,127.124198,2024-12-31
0352,오금,I1103,3호선,서울교통공사,37.502288,127.128344,2024-12-31
0409,불암산,I1104,4호선,서울교통공사,37.67009,127.079004,2024-12-31
0410,상계,I1104,4호선,서울교통공사,37.660576,127.073199,2024-12-31
0411,노원,I1104,4호선,서울교통공사,37.656274,127.063183,2024-12-31
0412,창동,I1104,4호선,서울교통공사,37.653315,127.048304,2024-12-31
0413,쌍문,I1104,4호선,서울교통공사,37.648274,127.034381,2024-12-31
0414,수유(강북구청),I1104,4호선,서울교통공사,37.637727,127.025371,2024-12-31
0415,미아(서울사이버대학),I1104,4호선,서울교통공사,37.626435,127.026151,2024-12-31
0416,미아사거리,I1104,4호선,서울교통공사,37.613276,127.030083,2024-12-31
0417,길음,I1104,4호선,서울교통공사,37.603387,127.025053,2024-12-31
0418,성신여대입구(돈암),I1104,4호선,서울교통공사,37.592882,127.016908,2024-12-31
0419,한성대입구(삼선교),I1104,4호선,서울교통공사,37.58838,127.005951,2024-12-31
0420,혜화,I1104,4호선,서울교통공사,37.582116,127.001929,2024-12-31
0421,동대문,I1104,4호선,서울교통공사,37.57099,127.00925,2024-12-31
0422,동대문역사문화공원(DDP),I1104,4호선,서울교통공사,37.565141,127.007808,2024-12-31
0423,충무로,I1104,4호선,서울교통공사,37.561352,126.994573,2024-12-31
0424,명동,I1104,4호선,서울교통공사,37.560955,126.986271,2024-12-31
0425,회현(남대문시장),I1104,4호선,서울교통공사,37.558698,126.978346,2024-12-31
0426,서울역,I1104,4호선,서울교통공사,37.553172,126.972706,2024-12-31
0427,숙대입구(갈월),I1104,4호선,서울교통공사,37.5447834,126.9721,2024-12-31
0428,삼각지(전쟁기념관),I1104,4호선,서울교통공사,37.534457,126.972992,2024-12-31
0429,신용산,I1104,4호선,서울교통공사,37.52909,126.96788,2024-12-31
0430,이촌(국립중앙박물관),I1104,4호선,서울교통공사,37.52919,126.9679818,2024-12-31
0431,동작(현충원),I1104,4호선,서울교통공사,37.503567,126.980171,2024-12-31
0432,총신대입구(이수),I1104,4호선,서울교통공사,37.487521,126.982309,2024-12-31
0433,사당,I1104,4호선,서울교통공사,37.476263,126.981636,2024-12-31
0434,남태령,I1104,4호선,서울교통공사,37.464339,126.989081,2024-12-31
0510,방화,S1105,5호선,서울교통공사,37.577669,126.812822,2024-12-31
0511,개화산,S1105,5호선,서울교통공사,37.572458,126.806838,2024-12-31
0512,김포공항,S1105,5호선,서울교통공사,37.56217,126.801273,2024-12-31
0513,송정,S1105,5호선,서울교통공사,37.561201,126.812052,2024-12-31
0514,마곡,S1105,5호선,서울교통공사,37.55865,126.837693,2024-12-31
0515,발산,S1105,5호선,서울교통공사,37.558692,126.837633,2024-12-31
0516,우장산,S1105,5호선,서울교통공사,37.548864,126.83633,2024-12-31
0517,화곡,S1105,5호선,서울교통공사,37.541585,126.840436,2024-12-31
0518,까치산,S1105,5호선,서울교통공사,37.5322,126.84645,2024-12-31
0519,신정(은행정),S1105,5호선,서울교통공사,37.525001,126.856176,2024-12-31
0520,목동,S1105,5호선,서울교통공사,37.526088,126.864296,2024-12-31
0521,오목교(목동운동장앞),S1105,5호선,서울교통공사,37.524557,126.875049,2024-12-31
0522,양평,S1105,5호선,서울교통공사,37.525614,126.886177,2024-12-31
0523,영등포구청,S1105,5호선,서울교통공사,37.524209,126.895022,2024-12-31
0524,영등포시장,S1105,5호선,서울교통공사,37.52276,126.905143,2024-12-31
0525,신길,S1105,5호선,서울교통공사,37.51763,126.914886,2024-12-31
0526,여의도,S1105,5호선,서울교통공사,37.521678,126.924318,2024-12-31
0527,여의나루,S1105,5호선,서울교통공사,37.527045,126.932807,2024-12-31
0528,마포,S1105,5호선,서울교통공사,37.539718,126.946043,2024-12-31
0529,공덕,S1105,5호선,서울교통공사,37.544005,126.951058,2024-12-31
0530,애오개,S1105,5호선,서울교통공사,37.553592,126.956733,2024-12-31
0531,충정로(경기대입구),S1105,5호선,서울교통공사,37.560061,126.962783,2024-12-31
0532,서대문,S1105,5호선,서울교통공사,37.565812,126.966639,2024-12-31
0533,광화문(세종문화회관),S1105,5호선,서울교통공사,37.571645,126.976568,2024-12-31
0534,종로3가(탑골공원),S1105,5호선,서울교통공사,37.572546,126.990447,2024-12-31
0535,을지로4가,S1105,5호선,서울교통공사,37.56728,126.998127,2024-12-31
0536,동대문역사문화공원(DDP),S1105,5호선,서울교통공사,37.564682,127.00533,2024-12-31
0537,청구,S1105,5호선,서울교통공사,37.560237,127.01379,2024-12-31
0538,신금호,S1105,5호선,서울교통공사,37.554504,127.020403,2024-12-31
0539,행당,S1105,5호선,서울교통공사,37.557297,127.029482,2024-12-31
0540,왕십리(성동구청),S1105,5호선,서울교통공사,37.56197,127.037264,2024-12-31
0541,마장,S1105,5호선,서울교통공사,37.566066,127.042921,2024-12-31
0542,답십리,S1105,5호선,서울교통공사,37.566833,127.05266,2024-12-31
0543,장한평,S1105,5호선,서울교통공사,37.561438,127.064601,2024-12-31
0544,군자(능동),S1105,5호선,서울교통공사,37.557102,127.079559,2024-12-31
0545,아차산(어린이대공원후문),S1105,5호선,서울교통공사,37.552005,127.089609,2024-12-31
0546,광나루(장신대),S1105,5호선,서울교통공사,37.545301,127.103478,2024-12-31
0547,천호(풍납토성),S1105,5호선,서울교통공사,37.538566,127.123539,2024-12-31
0548,강동,S1105,5호선,서울교통공사,37.53581,127.13249,2024-12-31
0549,길동,S1105,5호선,서울교통공사,37.538022,127.140085,2024-12-31
0550,굽은다리(강동구민회관앞),S1105,5호선,서울교통공사,37.545442,127.142844,2024-12-31
0551,명일,S1105,5호선,서울교통공사,37.551317,127.144002,2024-12-31
0552,고덕,S1105,5호선,서울교통공사,37.555002,127.154214,2024-12-31
0553,상일동,S1105,5호선,서울교통공사,37.556714,127.166381,2024-12-31
0554,강일,S1105,5호선,서울교통공사,37.557521,127.176018,2024-12-31
0555,미사,S1105,5호선,서울교통공사,37.56309,127.192954,2024-12-31
0556,하남풍산,S1105,5호선,서울교통공사,37.552201,127.203897,2024-12-31
0557,하남시청(덕풍∙신장),S1105,5호선,서울교통공사,37.541723,127.206901,2024-12-31
0558,하남검단산,S1105,5호선,서울교통공사,37.539729,127.223427,2024-12-31
0610,응암,S1106,6호선,서울교통공사,37.59859,126.915583,2024-12-31
0611,역촌,S1106,6호선,서울교통공사,37.60605,126.922764,2024-12-31
0612,불광,S1106,6호선,서울교통공사,37.610919,126.929504,2024-12-31
0613,독바위,S1106,6호선,서울교통공사,37.618413,126.933035,2024-12-31
0614,연신내,S1106,6호선,서울교통공사,37.618483,126.920403,2024-12-31
0615,구산,S1106,6호선,서울교통공사,37.611196,126.9172519,2024-12-31
0616,새절(신사),S1106,6호선,서울교통공사,37.591148,126.913613,2024-12-31
0617,증산(명지대앞),S1106,6호선,서울교통공사,37.583989,126.909785,2024-12-31
0618,디지털미디어시티,S1106,6호선,서울교통공사,37.5760805,126.901343,2024-12-31
0619,월드컵경기장(성산),S1106,6호선,서울교통공사,37.569439,126.899077,2024-12-31
0620,마포구청,S1106,6호선,서울교통공사,37.563529,126.903356,2024-12-31
0621,망원,S1106,6호선,서울교통공사,37.556031,126.910129,2024-12-31
0622,합정,S1106,6호선,서울교통공사,37.549033,126.913546,2024-12-31
0623,상수,S1106,6호선,서울교통공사,37.547704,126.92292,2024-12-31
0624,광흥창(서강),S1106,6호선,서울교통공사,37.547464,126.931971,2024-12-31
0625,대흥(서강대앞),S1106,6호선,서울교통공사,37.547732,126.942214,2024-12-31
0626,공덕,S1106,6호선,서울교통공사,37.543592,126.951664,2024-12-31
0627,효창공원앞,S1106,6호선,서울교통공사,37.539279,126.961348,2024-12-31
0628,삼각지(전쟁기념관),S1106,6호선,서울교통공사,37.535563,126.973996,2024-12-31
0629,녹사평(용산구청),S1106,6호선,서울교통공사,37.53469,126.98665,2024-12-31
0630,이태원,S1106,6호선,서울교통공사,37.534485,126.994369,2024-12-31
0631,한강진,S1106,6호선,서울교통공사,37.53956,127.001729,2024-12-31
0632,버티고개,S1106,6호선,서울교통공사,37.547933,127.006948,2024-12-31
0633,약수,S1106,6호선,서울교통공사,37.554087,127.010237,2024-12-31
0634,청구,S1106,6호선,서울교통공사,37.560221,127.013776,2024-12-31
0635,신당,S1106,6호선,서울교통공사,37.566174,127.016158,2024-12-31
0636,동묘앞,S1106,6호선,서울교통공사,37.572275,127.015666,2024-12-31
0637,창신,S1106,6호선,서울교통공사,37.579772,127.015246,2024-12-31
0638,보문,S1106,6호선,서울교통공사,37.585426,127.019722,2024-12-31
0639,안암(고대병원앞),S1106,6호선,서울교통공사,37.586261,127.02903,2024-12-31
0640,고려대(종암),S1106,6호선,서울교통공사,37.59034,127.03626,2024-12-31
0641,월곡(동덕여대),S1106,6호선,서울교통공사,37.60192,127.041492,2024-12-31
0642,상월곡(한국과학기술연구원),S1106,6호선,서울교통공사,37.606392,127.048509,2024-12-31
0643,돌곶이,S1106,6호선,서울교통공사,37.610522,127.056419,2024-12-31
0644,석계,S1106,6호선,서울교통공사,37.614937,127.065922,2024-12-31
0645,태릉입구,S1106,6호선,서울교통공사,37.617319,127.074741,2024-12-31
0646,화랑대(서울여대입구),S1106,6호선,서울교통공사,37.619875,127.084106,2024-12-31
0647,봉화산(서울의료원),S1106,6호선,서울교통공사,37.617429,127.0912326,2024-12-31
0648,신내,S1106,6호선,서울교통공사,37.612571,127.104326,2024-12-31
0709,장암,S1107,7호선,서울교통공사,37.70015,127.053126,2024-12-31
0710,도봉산,S1107,7호선,서울교통공사,37.689131,127.046548,2024-12-31
0711,수락산,S1107,7호선,서울교통공사,37.677804,127.055314,2024-12-31
0712,마들,S1107,7호선,서울교통공사,37.664985,127.057701,2024-12-31
0713,노원,S1107,7호선,서울교통공사,37.654478,127.060555,2024-12-31
0714,중계,S1107,7호선,서울교통공사,37.645052,127.064084,2024-12-31
0715,하계,S1107,7호선,서울교통공사,37.636363,127.067999,2024-12-31
0716,공릉(서울과학기술대),S1107,7호선,서울교통공사,37.625642,127.072969,2024-12-31
0717,태릉입구,S1107,7호선,서울교통공사,37.618519,127.075361,2024-12-31
0718,먹골,S1107,7호선,서울교통공사,37.610638,127.077719,2024-12-31
0719,중화,S1107,7호선,서울교통공사,37.602604,127.079254,2024-12-31
0720,상봉,S1107,7호선,서울교통공사,37.595673,127.085708,2024-12-31
0721,면목,S1107,7호선,서울교통공사,37.588671,127.087503,2024-12-31
0722,사가정,S1107,7호선,서울교통공사,37.580912,127.088502,2024-12-31
0723,용마산(용마폭포공원),S1107,7호선,서울교통공사,37.573752,127.086802,2024-12-31
0724,중곡,S1107,7호선,서울교통공사,37.565877,127.084291,2024-12-31
0725,군자(능동),S1107,7호선,서울교통공사,37.557151,127.079484,2024-12-31
0726,어린이대공원(세종대),S1107,7호선,서울교통공사,37.547962,127.07465,2024-12-31
0727,건대입구,S1107,7호선,서울교통공사,37.540882,127.071103,2024-12-31
0728,자양(뚝섬한강공원),S1107,7호선,서울교통공사,37.531558,127.066714,2024-12-31
0729,청담,S1107,7호선,서울교통공사,37.519097,127.051851,2024-12-31
0730,강남구청,S1107,7호선,서울교통공사,37.517185,127.04122,2024-12-31
0731,학동,S1107,7호선,서울교통공사,37.514262,127.031738,2024-12-31
0732,논현,S1107,7호선,서울교통공사,37.511108,127.021385,2024-12-31
0733,반포,S1107,7호선,서울교통공사,37.508171,127.011717,2024-12-31
0734,고속터미널,S1107,7호선,서울교통공사,37.503387,127.005055,2024-12-31
0735,내방,S1107,7호선,서울교통공사,37.48764,126.993541,2024-12-31
0736,이수,S1107,7호선,서울교통공사,37.485258,126.981766,2025-12-31
0736,총신대입구(이수),S1107,7호선,서울교통공사,37.485258,126.981766,2024-12-31
0737,남성,S1107,7호선,서울교통공사,37.484688,126.971108,2024-12-31
0738,숭실대입구(살피재),S1107,7호선,서울교통공사,37.496258,126.953649,2024-12-31
0739,상도,S1107,7호선,서울교통공사,37.50279,126.947949,2024-12-31
0740,장승배기,S1107,7호선,서울교통공사,37.504845,126.939025,2024-12-31
0741,신대방삼거리,S1107,7호선,서울교통공사,37.499717,126.928218,2024-12-31
0742,보라매,S1107,7호선,서울교통공사,37.499916,126.920112,2024-12-31
0743,신풍,S1107,7호선,서울교통공사,37.500107,126.909806,2024-12-31
0744,대림(구로구청),S1107,7호선,서울교통공사,37.492984,126.896997,2024-12-31
0745,남구로,S1107,7호선,서울교통공사,37.486181,126.887372,2024-12-31
0746,가산디지털단지,S1107,7호선,서울교통공사,37.480376,126.882704,2024-12-31
0747,철산,S1107,7호선,서울교통공사,37.47616,126.868217,2024-12-31
0748,광명사거리,S1107,7호선,서울교통공사,37.47927,126.854854,2024-12-31
0749,천왕,S1107,7호선,서울교통공사,37.486699,126.838684,2024-12-31
0750,온수(성공회대입구),S1107,7호선,서울교통공사,37.492059,126.823294,2024-12-31
0809,암사역사공원,S1108,8호선,서울교통공사,37.557167,127.137556,2024-12-31
0810,암사,S1108,8호선,서울교통공사,37.550127,127.127521,2024-12-31
0811,천호(풍납토성),S1108,8호선,서울교통공사,37.53792,127.123179,2024-12-31
0812,강동구청,S1108,8호선,서울교통공사,37.530348,127.120461,2024-12-31
0813,몽촌토성(평화의문),S1108,8호선,서울교통공사,37.517692,127.11274,2024-12-31
0814,잠실(송파구청),S1108,8호선,서울교통공사,37.514649,127.104267,2024-12-31
0815,석촌,S1108,8호선,서울교통공사,37.505396,127.106995,2024-12-31
0816,송파,S1108,8호선,서울교통공사,37.49978,127.11212,2024-12-31
0817,가락시장,S1108,8호선,서울교통공사,37.493004,127.118279,2024-12-31
0818,문정,S1108,8호선,서울교통공사,37.485931,127.122473,2024-12-31
0819,장지,S1108,8호선,서울교통공사,37.478609,127.126229,2024-12-31
0820,복정,S1108,8호선,서울교통공사,37.471016,127.126746,2024-12-31
0821,남위례,S1108,8호선,서울교통공사,37.462839,127.139047,2024-12-31
0822,산성,S1108,8호선,서울교통공사,37.456886,127.149927,2024-12-31
0823,남한산성입구(성남법원·검찰청),S1108,8호선,서울교통공사,37.451568,127.159845,2024-12-31
0824,단대오거리,S1108,8호선,서울교통공사,37.445057,127.156735,2024-12-31
0825,신흥,S1108,8호선,서울교통공사,37.440952,127.14759,2024-12-31
0826,수진,S1108,8호선,서울교통공사,37.437575,127.140936,2024-12-31
0827,모란,S1108,8호선,서울교통공사,37.433988,127.129921,2024-12-31
2111,용답,S1121,2호선,서울교통공사,37.562066,127.05087863,2024-12-31
2112,신답,S1121,2호선,서울교통공사,37.569847,127.047048,2024-12-31
2113,용두(동대문구청),S1121,2호선,서울교통공사,37.574012,127.03811,2024-12-31
2114,신설동,S1121,2호선,서울교통공사,37.574653,127.025158,2024-12-31
2341,도림천,S1122,2호선,서울교통공사,37.5145589,126.882586,2024-12-31
2342,양천구청,S1122,2호선,서울교통공사,37.5123294,126.865593,2024-12-31
2343,신정네거리,S1122,2호선,서울교통공사,37.520218,126.852849,2024-12-31
P549,둔촌동,S1105,5호선,서울교통공사,37.527787,127.136219,2024-12-31
P550,올림픽공원(한국체대),S1105,5호선,서울교통공사,37.516217,127.130957,2024-12-31
P551,방이,S1105,5호선,서울교통공사,37.508752,127.126054,2024-12-31
P552,오금,S1105,5호선,서울교통공사,37.502228,127.127701,2024-12-31
P553,개롱,S1105,5호선,서울교통공사,37.498097,127.134817,2024-12-31
P554,거여,S1105,5호선,서울교통공사,37.493208,127.143983,2024-12-31
P555,마천,S1105,5호선,서울교통공사,37.494972,127.152784,2024-12-31
4126,언주,S1109,수도권 도시철도 9호선,서울시메트로9호선㈜,37.507287,127.033868,
4127,선정릉,S1109,수도권 도시철도 9호선,서울시메트로9호선㈜,37.51028,127.0437593,
4128,삼성중앙,S1109,수도권 도시철도 9호선,서울시메트로9호선㈜,37.513011,127.053282,
4129,봉은사,S1109,수도권 도시철도 9호선,서울시메트로9호선㈜,37.514219,127.060245,
4130,종합운동장,S1109,수도권 도시철도 9호선,서울시메트로9호선㈜,37.511156,127.076917,
4131,삼전,S1109,수도권 도시철도 9호선,서울시메트로9호선㈜,37.504531,127.087211,
4132,석촌고분,S1109,수도권 도시철도 9호선,서울시메트로9호선㈜,37.502439,127.096611,
4133,석촌,S1109,수도권 도시철도 9호선,서울시메트로9호선㈜,37.505078,127.106944,
4134,송파나루,S1109,수도권 도시철도 9호선,서울시메트로9호선㈜,37.51055,127.112451,
4135,한성백제,S1109,수도권 도시철도 9호선,서울시메트로9호선㈜,37.516369,127.116211,
4136,올림픽공원(한국체대),S1109,수도권 도시철도 9호선,서울시메트로9호선㈜,37.516111,127.130333,
4137,둔촌오륜,S1109,수도권 도시철도 9호선,서울시메트로9호선㈜,37.519339,127.138619,
4138,중앙보훈병원,S1109,수도권 도시철도 9호선,서울시메트로9호선㈜,37.528807,127.148488,
4101,개화,S1109,서울 도시철도 9호선,서울특별시 서울시메트로9호선㈜,37.578591,126.797833,2024-02-29
4102,김포공항,S1109,서울 도시철도 9호선,서울특별시 서울시메트로9호선㈜,37.562056,126.801633,2024-08-31
4103,공항시장,S1109,서울 도시철도 9호선,서울특별시 서울시메트로9호선㈜,37.563726,126.810678,2024-02-29
4104,신방화,S1109,서울 도시철도 9호선,서울특별시 서울시메트로9호선㈜,37.5675,126.816667,2024-02-29
4105,마곡나루(서울식물원),S1109,서울 도시철도 9호선,서울특별시 서울시메트로9호선㈜,37.566717,126.8276071,2025-03-31
4106,양천향교,S1109,서울 도시철도 9호선,서울특별시 서울시메트로9호선㈜,37.568333,126.841389,2024-02-29
4107,가양,S1109,서울 도시철도 9호선,서울특별시 서울시메트로9호선㈜,37.561111,126.855078,2024-02-29
4108,증미,S1109,서울 도시철도 9호선,서울특별시 서울시메트로9호선㈜,37.55785,126.861067,2024-02-29
4109,등촌,S1109,서울 도시철도 9호선,서울특별시 서울시메트로9호선㈜,37.551111,126.864722,2024-02-29
4110,염창,S1109,서울 도시철도 9호선,서울특별시 서울시메트로9호선㈜,37.546944,126.874722,2024-02-29
4111,신목동,S1109,서울 도시철도 9호선,서울특별시 서울시메트로9호선㈜,37.544167,126.883056,2024-02-29
4112,선유도,S1109,서울 도시철도 9호선,서울특별시 서울시메트로9호선㈜,37.537778,126.893889,2024-02-29
4113,당산,S1109,서울 도시철도 9호선,서울특별시 서울시메트로9호선㈜,37.533844,126.902222,2025-09-30
4114,국회의사당,S1109,서울 도시철도 9호선,서울특별시 서울시메트로9호선㈜,37.528105,126.917874,2024-02-29
4115,여의도,S1109,서울 도시철도 9호선,서울특별시 서울시메트로9호선㈜,37.521744,126.924167,2024-02-29
4116,샛강,S1109,서울 도시철도 9호선,서울특별시 서울시메트로9호선㈜,37.5173,126.9284,2024-08-31
4117,노량진,S1109,서울 도시철도 9호선,서울특별시 서울시메트로9호선㈜,37.513667,126.940917,2024-02-29
4118,노들,S1109,서울 도시철도 9호선,서울특별시 서울시메트로9호선㈜,37.512726,126.953096,2024-08-31
4119,흑석(중앙대입구),S1109,서울 도시철도 9호선,서울특별시 서울시메트로9호선㈜,37.508889,126.963611,2024-05-31
4120,동작(현충원),S1109,서울 도시철도 9호선,서울특별시 서울시메트로9호선㈜,37.502878,126.978278,2024-05-31
4121,구반포,S1109,서울 도시철도 9호선,서울특별시 서울시메트로9호선㈜,37.501389,126.987222,2024-02-29
4122,신반포,S1109,서울 도시철도 9호선,서울특별시 서울시메트로9호선㈜,37.5035033,126.996044,2024-02-29
4123,고속터미널,S1109,서울 도시철도 9호선,서울특별시 서울시메트로9호선㈜,37.505933,127.004044,2024-08-31
4124,사평,S1109,서울 도시철도 9호선,서울특별시 서울시메트로9호선㈜,37.504161,127.015219,2024-02-29
4125,신논현,S1109,서울 도시철도 9호선,서울특별시 서울시메트로9호선㈜,37.504444,127.024417,2024-02-29
S110,북한산우이,L11UI,우이신설선,우이신설경전철운영㈜,37.66284,127.01272,2022-05-25
S111,솔밭공원,L11UI,우이신설선,우이신설경전철운영㈜,37.65607,127.01326,2022-05-25
S112,4.19민주묘지,L11UI,우이신설선,우이신설경전철운영㈜,37.64954,127.01371,2022-05-25
S113,가오리,L11UI,우이신설선,우이신설경전철운영㈜,37.64162,127.01681,2022-05-25
S114,화계,L11UI,우이신설선,우이신설경전철운영㈜,37.63428,127.0175,2022-05-25
S115,삼양,L11UI,우이신설선,우이신설경전철운영㈜,37.62706,127.01817,2022-05-25
S116,삼양사거리,L11UI,우이신설선,우이신설경전철운영㈜,37.62144,127.02049,2022-05-25
S117,솔샘,L11UI,우이신설선,우이신설경전철운영㈜,37.62037,127.01357,2022-05-25
S118,북한산보국문,L11UI,우이신설선,우이신설경전철운영㈜,37.61233,127.00816,2022-05-25
S119,정릉,L11UI,우이신설선,우이신설경전철운영㈜,37.60278,127.01345,2022-12-08
S120,성신여대입구,L11UI,우이신설선,우이신설경전철운영㈜,37.59247,127.01656,2022-05-25
S121,보문,L11UI,우이신설선,우이신설경전철운영㈜,37.58551,127.01939,2022-05-25
S122,신설동,L11UI,우이신설선,우이신설경전철운영㈜,37.57659,127.023221,2022-05-25
U110,발곡,L41U1,의정부,의정부경량전철㈜,37.726983,127.052889,2023-09-04
U111,회룡,L41U1,의정부,의정부경량전철㈜,37.72505255,127.0467864,2023-09-04
U112,범골,L41U1,의정부,의정부경량전철㈜,37.7287279,127.0437202,2023-09-04
U113,경전철의정부,L41U1,의정부,의정부경량전철㈜,37.73729974,127.043321,2023-09-04
U114,의정부시청,L41U1,의정부,의정부경량전철㈜,37.73924874,127.034854,2023-09-04
U115,흥선,L41U1,의정부,의정부경량전철㈜,37.74322487,127.0371765,2023-09-04
U117,의정부중앙,L41U1,의정부,의정부경량전철㈜,37.74371903,127.0496332,2023-09-04
U118,동오,L41U1,의정부,의정부경량전철㈜,37.74519123,127.05703,2023-09-04
U119,새말,L41U1,의정부,의정부경량전철㈜,37.74889941,127.063869,2023-09-04
U120,경기도청북부청사,L41U1,의정부,의정부경량전철㈜,37.75073213,127.0714795,2023-09-04
U121,효자,L41U1,의정부,의정부경량전철㈜,37.75398452,127.0773155,2023-09-04
U122,곤제,L41U1,의정부,의정부경량전철㈜,37.75054343,127.0838651,2023-09-04
U123,어룡,L41U1,의정부,의정부경량전철㈜,37.74272184,127.0852045,2023-09-04
U124,송산,L41U1,의정부,의정부경량전철㈜,37.7371698,127.0872755,2023-09-04
U125,탑석,L41U1,의정부,의정부경량전철㈜,37.73355362,127.0889064,2023-09-04
101,인천국제공항역,S28M1,자기부상철도,인천광역시 인천국제공항공사,37.447222,126.4525,2023-06-01
102,장기주차장역,S28M1,자기부상철도,인천광역시 인천국제공항공사,37.44385,126.455671,2023-06-01
103,합동청사역,S28M1,자기부상철도,인천광역시 인천국제공항공사,37.440519,126.458654,2023-06-01
104,파라다이스시티역,S28M1,자기부상철도,인천광역시 인천국제공항공사,37.437217,126.459858,2023-06-01
105,워터파크역,S28M1,자기부상철도,인천광역시 인천국제공항공사,37.429227,126.434183,2023-06-01
106,용유역,S28M1,자기부상철도,인천광역시 인천국제공항공사,37.424805,126.423637,2023-06-01
3107,검단호수공원,S2801,인천지하철 1호선,인천교통공사,37.6025,126.688056,2025-06-30
3108,신검단중앙,S2801,인천지하철 1호선,인천교통공사,37.6026,126.698611,2025-06-30
3109,"아라(북부법원, 검찰청)",S2801,인천지하철 1호선,인천교통공사,37.592222,126.713333,2025-06-30
3110,계양,S2801,인천지하철 1호선,인천교통공사,37.571539,126.736319,2022-04-30
3111,귤현,S2801,인천지하철 1호선,인천교통공사,37.566362,126.742498,2022-04-30
3112,박촌,S2801,인천지하철 1호선,인천교통공사,37.553525,126.744946,2022-04-30
3113,임학,S2801,인천지하철 1호선,인천교통공사,37.545058,126.738642,2022-04-30
3114,계산,S2801,인천지하철 1호선,인천교통공사,37.543243,126.728436,2022-04-30
3115,경인교대입구,S2801,인천지하철 1호선,인천교통공사,37.538272,126.722603,2022-04-30
3116,작전,S2801,인천지하철 1호선,인천교통공사,37.530271,126.722548,2022-04-30
3117,갈산,S2801,인천지하철 1호선,인천교통공사,37.517124,126.721566,2022-04-30
3118,부평구청,S2801,인천지하철 1호선,인천교통공사,37.508768,126.720547,2022-04-30
3119,부평시장,S2801,인천지하철 1호선,인천교통공사,37.498495,126.722282,2022-04-30
3120,부평,S2801,인천지하철 1호선,인천교통공사,37.490541,126.723437,2022-04-30
3121,동수,S2801,인천지하철 1호선,인천교통공사,37.485409,126.718464,2022-04-30
3122,부평삼거리,S2801,인천지하철 1호선,인천교통공사,37.478267,126.710494,2022-04-30
3123,간석오거리,S2801,인천지하철 1호선,인천교통공사,37.466921,126.707861,2022-04-30
3124,인천시청,S2801,인천지하철 1호선,인천교통공사,37.457615,126.702216,2022-04-30
3125,예술회관,S2801,인천지하철 1호선,인천교통공사,37.449334,126.700991,2022-04-30
3126,인천터미널,S2801,인천지하철 1호선,인천교통공사,37.441917,126.699727,2022-04-30
3127,문학경기장,S2801,인천지하철 1호선,인천교통공사,37.434964,126.698373,2022-04-30
3128,선학,S2801,인천지하철 1호선,인천교통공사,37.426985,126.698872,2022-04-30
3129,신연수,S2801,인천지하철 1호선,인천교통공사,37.418032,126.693853,2022-04-30
3130,원인재,S2801,인천지하철 1호선,인천교통공사,37.412364,126.687893,2022-04-30
3131,동춘,S2801,인천지하철 1호선,인천교통공사,37.404676,126.680835,2022-04-30
3132,동막,S2801,인천지하철 1호선,인천교통공사,37.398173,126.673561,2022-04-30
3133,캠퍼스타운,S2801,인천지하철 1호선,인천교통공사,37.388209,126.661985,2022-04-30
3134,테크노파크,S2801,인천지하철 1호선,인천교통공사,37.382311,126.656355,2022-04-30
3135,지식정보단지,S2801,인천지하철 1호선,인천교통공사,37.378021,126.645412,2022-04-30
3136,인천대입구,S2801,인천지하철 1호선,인천교통공사,37.386239,126.639351,2022-04-30
3137,센트럴파크,S2801,인천지하철 1호선,인천교통공사,37.392833,126.635002,2022-04-30
3138,국제업무지구,S2801,인천지하철 1호선,인천교통공사,37.400421,126.630105,2022-04-30
3139,송도달빛축제공원,S2801,인천지하철 1호선,인천교통공사,37.40687495,126.6260537,2022-04-30
3201,검단오류,S2802,인천지하철 2호선,인천교통공사,37.5950162,126.62801,2022-04-30
3202,왕길,S2802,인천지하철 2호선,인천교통공사,37.5950191,126.642284,2022-04-30
3203,검단사거리,S2802,인천지하철 2호선,인천교통공사,37.601693,126.656545,2022-04-30
3204,마전,S2802,인천지하철 2호선,인천교통공사,37.597756,126.667195,2022-04-30
3205,완정,S2802,인천지하철 2호선,인천교통공사,37.592867,126.672961,2022-04-30
3206,독정,S2802,인천지하철 2호선,인천교통공사,37.584927,126.675981,2022-04-30
3207,검암,S2802,인천지하철 2호선,인천교통공사,37.568611,126.675682,2022-04-30
3208,검바위,S2802,인천지하철 2호선,인천교통공사,37.561091,126.677529,2022-04-30
3209,아시아드경기장,S2802,인천지하철 2호선,인천교통공사,37.551373,126.677075,2022-04-30
3210,서구청,S2802,인천지하철 2호선,인천교통공사,37.543839,126.676795,2022-04-30
3211,가정(루원시티),S2802,인천지하철 2호선,인천교통공사,37.524805,126.675387,2022-04-30
3212,가정중앙시장,S2802,인천지하철 2호선,인천교통공사,37.517511,126.676784,2022-04-30
3213,석남(거북시장),S2802,인천지하철 2호선,인천교통공사,37.507211,126.676304,2022-04-30
3214,서부여성회관,S2802,인천지하철 2호선,인천교통공사,37.500298,126.675875,2022-04-30
3215,인천가좌,S2802,인천지하철 2호선,인천교통공사,37.489962,126.675284,2022-04-30
3216,가재울,S2802,인천지하철 2호선,인천교통공사,37.484152,126.683883,2022-04-30
3217,주안국가산단,S2802,인천지하철 2호선,인천교통공사,37.473599,126.681102,2022-04-30
3218,주안,S2802,인천지하철 2호선,인천교통공사,37.465234,126.679041,2022-04-30
3219,시민공원,S2802,인천지하철 2호선,인천교통공사,37.458339,126.6810091,2022-04-30
3220,석바위시장,S2802,인천지하철 2호선,인천교통공사,37.457659,126.692387,2022-04-30
3221,인천시청,S2802,인천지하철 2호선,인천교통공사,37.456904,126.701523,2022-04-30
3222,석천사거리,S2802,인천지하철 2호선,인천교통공사,37.4569323,126.710383,2022-04-30
3223,모래내시장,S2802,인천지하철 2호선,인천교통공사,37.455842,126.719578,2022-04-30
3224,만수,S2802,인천지하철 2호선,인천교통공사,37.454962,126.731764,2022-04-30
3225,남동구청,S2802,인천지하철 2호선,인천교통공사,37.448179,126.736581,2022-04-30
3226,인천대공원,S2802,인천지하철 2호선,인천교통공사,37.448475,126.753051,2022-04-30
3227,운연,S2802,인천지하철 2호선,인천교통공사,37.439533,126.759609,2022-04-30
3753,까치울,S1107,도시철도 7호선,인천교통공사,37.506236,126.81095,2022-04-30
3754,부천종합운동장,S1107,도시철도 7호선,인천교통공사,37.505381,126.79735,2022-04-30
3755,춘의,S1107,도시철도 7호선,인천교통공사,37.50365,126.787069,2022-04-30
3756,신중동,S1107,도시철도 7호선,인천교통공사,37.503081,126.776161,2022-04-30
3757,부천시청,S1107,도시철도 7호선,인천교통공사,37.504611,126.763561,2022-04-30
3758,상동,S1107,도시철도 7호선,인천교통공사,37.505769,126.753081,2022-04-30
3759,삼산체육관,S1107,도시철도 7호선,인천교통공사,37.506431,126.742081,2022-04-30
3760,굴포천,S1107,도시철도 7호선,인천교통공사,37.50695,126.731481,2022-04-30
3761,부평구청,S1107,도시철도 7호선,인천교통공사,37.507523,126.721356,2022-04-30
3762,산곡,S1107,도시철도 7호선,인천교통공사,37.508547,126.70351,2022-04-30
3763,석남(거북시장),S1107,도시철도 7호선,인천교통공사,37.506208,126.676213,2022-04-30
1002,남영역,I4101,경부선,한국철도공사,37.540597,126.971171,2025-04-08
1003,용산역,I4101,경부선,한국철도공사,37.52989,126.964775,2025-04-08
1003,용산역,I4102,경원선,한국철도공사,37.52989,126.964775,2025-04-08
1004,노량진역,I4101,경부선,한국철도공사,37.514072,126.941671,2025-04-08
1005,대방역,I4101,경부선,한국철도공사,37.513392,126.926407,2025-04-08
1006,영등포역,I4101,경부선,한국철도공사,37.515756,126.907411,2025-04-08
1007,신도림역,I4101,경부선,한국철도공사,37.508983,126.891513,2025-04-08
1008,이촌역,I4102,경원선,한국철도공사,37.522476,126.973816,2025-04-08
1009,서빙고역,I4102,경원선,한국철도공사,37.51961,126.988358,2025-04-08
1010,한남역,I4102,경원선,한국철도공사,37.529361,127.008984,2025-04-08
1011,옥수역,I4102,경원선,한국철도공사,37.540514,127.018698,2025-04-08
1012,응봉역,I4102,경원선,한국철도공사,37.550433,127.034824,2025-04-08
1013,왕십리역,I4102,경원선,한국철도공사,37.561728,127.038405,2025-04-08
1013,왕십리역,I4105,분당선,한국철도공사,37.5610128,127.038705,2025-04-08
1014,청량리역,I4102,경원선,한국철도공사,37.580543,127.048077,2025-04-08
1014,청량리역,I4108,경의중앙선,한국철도공사,37.580043,127.047588,2025-04-08
1015,회기역,I4102,경원선,한국철도공사,37.589602,127.057936,2025-04-08
1015,회기역,I4108,경의중앙선,한국철도공사,37.589802,127.057936,2025-04-08
1016,외대앞역,I4102,경원선,한국철도공사,37.596157,127.063572,2025-04-08
1017,신이문역,I4102,경원선,한국철도공사,37.601829,127.067347,2025-04-08
1018,석계역,I4102,경원선,한국철도공사,37.615206,127.065594,2025-04-08
1019,광운대역,I4102,경원선,한국철도공사,37.62357,127.06181,2025-04-08
1019,광운대역,I4108,경의중앙선,한국철도공사,37.6239,127.062,2025-04-08
1019,광운대역,I4108,경춘선,한국철도공사,37.623635,127.061975,2025-12-31
1020,월계역,I4102,경원선,한국철도공사,37.633114,127.058835,2025-04-08
1021,녹천역,I4102,경원선,한국철도공사,37.644599,127.051406,2025-04-08
1022,창동역,I4102,경원선,한국철도공사,37.653181,127.047663,2025-04-08
1023,선릉역,I4105,분당선,한국철도공사,37.504479,127.048941,2025-04-08
1024,한티역,I4105,분당선,한국철도공사,37.496208,127.052883,2025-04-08
1025,도곡역,I4105,분당선,한국철도공사,37.490914,127.055393,2025-04-08
1026,구룡역,I4105,분당선,한국철도공사,37.486985,127.059496,2025-04-08
1027,개포동역,I4105,분당선,한국철도공사,37.489112,127.066027,2025-04-08
1028,대모산입구역,I4105,분당선,한국철도공사,37.491347,127.072702,2025-04-08
1030,수서역,I4105,분당선,한국철도공사,37.487633,127.101118,2025-04-08
1031,복정역,I4105,분당선,한국철도공사,37.469753,127.126627,2025-04-08
1032,신길역,I4101,경부선,한국철도공사,37.517018,126.917743,2025-04-08
1201,중랑역,I4108,경의중앙선,한국철도공사,37.594948,127.076152,2025-04-08
1201,중랑역,I4108,경춘선,한국철도공사,37.594948,127.076152,2025-12-31
1202,상봉역,I4108,경의중앙선,한국철도공사,37.596754,127.085553,2025-04-08
1202,상봉역,I4108,경춘선,한국철도공사,37.595254,127.085853,2025-12-31
1203,망우역,I4108,경의중앙선,한국철도공사,37.599288,127.092318,2025-04-08
1203,망우역,I41K2,경춘선,한국철도공사,37.599988,127.092031,2025-04-08
1204,양원역,I4108,경의중앙선,한국철도공사,36.963729,129.091321,2025-04-08
1205,구리역,I4108,경의중앙선,한국철도공사,37.60326,127.143373,2025-04-08
1206,도농역,I4108,경의중앙선,한국철도공사,37.608756,127.161105,2025-04-08
1207,양정역,I4108,경의중앙선,한국철도공사,37.604269,127.194602,2025-04-08
1208,덕소역,I4108,경의중앙선,한국철도공사,37.586892,127.208835,2025-04-08
1209,도심역,I4108,경의중앙선,한국철도공사,37.579628,127.222798,2025-04-08
1210,팔당역,I4108,경의중앙선,한국철도공사,37.547321,127.243896,2025-04-08
1211,운길산역,I4108,경의중앙선,한국철도공사,37.554659,127.310089,2025-04-08
1212,양수역,I4108,경의중앙선,한국철도공사,37.545998,127.328948,2025-04-08
1213,신원역,I4108,경의중앙선,한국철도공사,37.525921,127.372745,2025-04-08
1214,국수역,I4108,경의중앙선,한국철도공사,37.516171,127.399402,2025-04-08
1215,아신역,I4108,경의중앙선,한국철도공사,37.513954,127.443238,2025-04-08
1216,오빈역,I4108,경의중앙선,한국철도공사,37.506061,127.474053,2025-04-08
1217,양평역,I4108,경의중앙선,한국철도공사,37.492674,127.491858,2025-04-08
1218,원덕역,I4108,경의중앙선,한국철도공사,37.468585,127.547468,2025-04-08
1219,용문역,I4108,경의중앙선,한국철도공사,37.482085,127.594251,2025-04-08
1220,지평역,I4108,경의중앙선,한국철도공사,37.476496,127.629681,2025-04-08
1251,서울역(경의선),I4108,경의중앙선,한국철도공사,37.556713,126.97138700000001,2025-04-08
1252,신촌역,I4108,경의중앙선,한국철도공사,37.559768,126.942308,2025-04-08
1261,효창공원앞역,I4108,경의중앙선,한국철도공사,37.538789,126.962339,2025-04-08
1262,공덕역,I4108,경의중앙선,한국철도공사,37.542711,126.952134,2025-04-08
1263,서강대역,I4108,경의중앙선,한국철도공사,37.552132,126.935389,2025-04-08
1264,홍대입구역,I4108,경의중앙선,한국철도공사,37.55758,126.926833,2025-04-08
1265,가좌역,I4108,경의중앙선,한국철도공사,37.568611,126.914841,2025-04-08
1266,디지털미디어시티역,I4108,경의중앙선,한국철도공사,37.577964,126.900421,2025-04-08
1267,수색역,I4108,경의중앙선,한국철도공사,37.580855,126.895681,2025-04-08
1268,한국항공대,I4108,경의중앙선,한국철도공사,37.603102,126.868291,2025-04-08
1269,강매역,I4108,경의중앙선,한국철도공사,37.612396,126.844537,2025-04-08
1270,행신역,I4108,경의중앙선,한국철도공사,37.612125,126.834063,2025-04-08
1271,능곡역,I4108,경의중앙선,한국철도공사,37.618741,126.82089,2025-04-08
1271,능곡역,I41WS,서해선,한국철도공사,37.618741,126.8206,2025-04-08
1272,곡산역,I4108,경의중앙선,한국철도공사,37.645729,126.801877,2025-04-08
1272,곡산역,I41WS,서해선,한국철도공사,37.645729,126.801877,2024-12-31
1273,백마역,I4108,경의중앙선,한국철도공사,37.658346,126.794401,2025-04-08
1273,백마역,I41WS,서해선,한국철도공사,37.658346,126.794401,2024-12-31
1274,풍산역,I4108,경의중앙선,한국철도공사,37.672173,126.786355,2025-04-08
1274,풍산역,I41WS,서해선,한국철도공사,37.672173,126.786355,2024-12-31
1275,일산역,I4108,경의중앙선,한국철도공사,37.682231,126.769521,2025-04-08
1275,일산역,I41WS,서해선,한국철도공사,37.682231,126.769521,2024-12-31
1276,탄현역,I4108,경의중앙선,한국철도공사,37.694114,126.761075,2025-04-08
1277,야당역,I4108,경의중앙선,한국철도공사,37.712749,126.761535,2025-04-08
1278,운정역,I4108,경의중앙선,한국철도공사,37.725441000000004,126.767076,2025-04-08
1279,금릉역,I4108,경의중앙선,한국철도공사,37.751295,126.765401,2025-04-08
1280,금촌역,I4108,경의중앙선,한국철도공사,37.766106,126.774515,2025-04-08
1282,월롱역,I4108,경의중앙선,한국철도공사,37.796201,126.792574,2025-04-08
1283,파주역,I4108,경의중앙선,한국철도공사,37.815391,126.792426,2025-04-08
1284,문산역,I4108,경의중앙선,한국철도공사,37.854565,126.787531,2025-04-08
1285,임진강역,I4108,경의중앙선,한국철도공사,37.888364,126.746777,2025-04-08
1286,운천역,I4108,경의중앙선,한국철도공사,37.880008,126.769713,2025-04-08
1311,신내역,I41K2,경춘선,한국철도공사,37.612855,127.103277,2025-04-08
1312,갈매역,I41K2,경춘선,한국철도공사,37.634135,127.114803,2025-04-08
1313,별내역,I41K2,경춘선,한국철도공사,37.642221,127.127208,2025-04-08
1314,퇴계원역,I41K2,경춘선,한국철도공사,37.648316,127.143858,2025-04-08
1315,사릉역,I41K2,경춘선,한국철도공사,37.651145,127.176839,2025-04-08
1316,금곡역,I41K2,경춘선,한국철도공사,37.637414,127.207931,2025-04-08
1317,평내호평역,I41K2,경춘선,한국철도공사,37.653229,127.244452,2025-04-08
1318,천마산역,I41K2,경춘선,한국철도공사,37.658995,127.285731,2025-04-08
1319,마석역,I41K2,경춘선,한국철도공사,37.652328,127.311713,2025-04-08
1320,대성리역,I41K2,경춘선,한국철도공사,37.683909,127.379165,2025-04-08
1321,청평역,I41K2,경춘선,한국철도공사,37.735484,127.426541,2025-04-08
1322,상천역,I41K2,경춘선,한국철도공사,37.770305,127.4542,2025-04-08
1323,가평역,I41K2,경춘선,한국철도공사,37.814515,127.510693,2025-04-08
1324,굴봉산역,I41K2,경춘선,한국철도공사,37.832086,127.557732,2025-04-08
1325,백양리역,I41K2,경춘선,한국철도공사,37.830881,127.589085,2025-04-08
1326,강촌역,I41K2,경춘선,한국철도공사,37.805728,127.634054,2025-04-08
1327,김유정역,I41K2,경춘선,한국철도공사,37.818475,127.714302,2025-04-08
1328,남춘천역,I41K2,경춘선,한국철도공사,37.864071,127.723761,2025-04-08
1329,춘천역,I41K2,경춘선,한국철도공사,37.884391,127.716603,2025-04-08
1401,봉명역,I4401,장항선,한국철도공사,36.801578,127.136319,2025-04-08
1402,쌍용(나사렛대)역,I4401,장항선,한국철도공사,36.793745,127.121363,2025-04-08
1403,아산역,I4401,장항선,한국철도공사,36.792195,127.104384,2025-04-08
1404,탕정역,I4401,장항선,한국철도공사,36.788272,127.084446,2025-04-08
1405,배방역,I4401,장항선,한국철도공사,36.777541,127.052751,2025-04-08
1407,온양온천역,I4401,장항선,한국철도공사,36.780419,127.003707,2025-04-08
1408,신창(순천향대)역,I4401,장항선,한국철도공사,36.769213,126.950129,2025-04-08
1450,선바위역,I4103,안산과천선,한국철도공사,37.451854,127.002164,2025-04-08
1451,경마공원역,I4103,안산과천선,한국철도공사,37.443987,127.007899,2025-04-08
1452,대공원역,I4103,안산과천선,한국철도공사,37.435724,127.006474,2025-04-08
1453,과천역,I4103,안산과천선,한국철도공사,37.432805,126.996404,2025-04-08
1454,정부과천청사역,I4103,안산과천선,한국철도공사,37.426445,126.989802,2025-04-08
1455,인덕원역,I4103,안산과천선,한국철도공사,37.401901,126.976718,2025-04-08
1456,평촌역,I4103,안산과천선,한국철도공사,37.394346,126.963881,2025-04-08
1457,범계역,I4103,안산과천선,한국철도공사,37.389783,126.950752,2025-04-08
1501,판교역,I41K5,경강선,한국철도공사,37.394798,127.111135,2025-04-08
1502,이매역,I41K5,경강선,한국철도공사,37.394736,127.127048,2025-04-08
1503,삼동역,I41K5,경강선,한국철도공사,37.408731,127.203447,2025-04-08
1504,경기광주역,I41K5,경강선,한국철도공사,37.398974,127.253201,2025-04-08
1505,초월역,I41K5,경강선,한국철도공사,37.373389,127.299996,2025-04-08
1506,곤지암역,I41K5,경강선,한국철도공사,37.350525,127.346186,2025-04-08
1507,신둔도예촌역,I41K5,경강선,한국철도공사,37.315499,127.405251,2025-04-08
1508,이천역,I41K5,경강선,한국철도공사,37.264222,127.442135,2025-04-08
1509,부발역,I41K5,경강선,한국철도공사,37.260411,127.490303,2025-04-08
1510,세종대왕릉역,I41K5,경강선,한국철도공사,37.293636,127.570764,2025-04-08
1511,여주역,I41K5,경강선,한국철도공사,37.282881,127.628571,2025-04-08
1512,성남역,I41K5,경강선,한국철도공사,37.394709,127.11949,2025-04-08
1701,구로역,I4101,경부선,한국철도공사,37.503178,126.882037,2025-04-08
1702,가산디지털단지역,I4101,경부선,한국철도공사,37.481568,126.882628,2025-04-08
1703,금천구청역,I4101,경부선,한국철도공사,37.45576,126.894344,2025-04-08
1704,석수역,I4101,경부선,한국철도공사,37.435161,126.902233,2025-04-08
1705,관악역,I4101,경부선,한국철도공사,37.419578,126.908476,2025-04-08
1706,안양역,I4101,경부선,한국철도공사,37.401929,126.922647,2025-04-08
1707,명학역,I4101,경부선,한국철도공사,37.384435,126.935579,2025-04-08
1708,금정역,I4101,경부선,한국철도공사,37.371957,126.943411,2025-04-08
1708,금정역,I4103,안산과천선,한국철도공사,37.371957,126.943611,2025-04-08
1709,군포역,I4101,경부선,한국철도공사,37.353732,126.948517,2025-04-08
1710,의왕역,I4101,경부선,한국철도공사,37.320648,126.948099,2025-04-08
1711,성균관대역,I4101,경부선,한국철도공사,37.300344,126.970861,2025-04-08
1712,화서역,I4101,경부선,한국철도공사,37.28399,126.989581,2025-04-08
1713,수원역,I4101,경부선,한국철도공사,37.266162,126.999821,2025-04-08
1714,독산역,I4101,경부선,한국철도공사,37.465994,126.889508,2025-04-08
1715,세류역,I4101,경부선,한국철도공사,37.244102,127.013772,2025-04-08
1716,병점역,I4101,경부선,한국철도공사,37.206821,127.033268,2025-04-08
1717,세마역,I4101,경부선,한국철도공사,37.187288,127.043279,2025-04-08
1718,오산대역,I4101,경부선,한국철도공사,37.169401,127.063081,2025-04-08
1719,오산역,I4101,경부선,한국철도공사,37.145472,127.066708,2025-04-08
1720,진위역,I4101,경부선,한국철도공사,37.109771,127.062342,2025-04-08
1721,송탄역,I4101,경부선,한국철도공사,37.075376,127.054397,2025-04-08
1722,서정리역,I4101,경부선,한국철도공사,37.056459,127.052844,2025-04-08
1723,평택지제역,I4101,경부선,한국철도공사,37.018822,127.070269,2025-04-08
1724,평택역,I4101,경부선,한국철도공사,36.990559,127.085496,2025-04-08
1725,성환역,I4101,경부선,한국철도공사,36.915781,127.127007,2025-04-08
1726,직산역,I4101,경부선,한국철도공사,36.870921,127.143774,2025-04-08
1727,두정역,I4101,경부선,한국철도공사,36.833791,127.148905,2025-04-08
1728,천안역,I4401,경부선,한국철도공사,36.810238,127.146417,2025-04-08
1729,당정역,I4101,경부선,한국철도공사,37.34338,126.948388,2025-04-08
1749,서동탄역,I4101,경부선,한국철도공사,37.195675,127.051893,2025-04-08
1750,광명역,I4101,경부선,한국철도공사,37.415995,126.884523,2025-04-08
1751,산본역,I4103,안산과천선,한국철도공사,37.358019,126.932969,2025-04-08
1752,대야미역,I4103,안산과천선,한국철도공사,37.328304,126.917161,2025-04-08
1753,반월역,I4103,안산과천선,한국철도공사,37.312244,126.903684,2025-04-08
1754,상록수역,I4103,안산과천선,한국철도공사,37.302845,126.866533,2025-04-08
1755,한대앞역,I28K1,수인선,한국철도공사,37.309985,126.853506,2025-04-08
1755,한대앞역,I4103,안산과천선,한국철도공사,37.309685,126.853656,2025-04-08
1756,중앙역,I28K1,수인선,한국철도공사,37.316055,126.838532,2025-04-08
1756,중앙역,I4103,안산과천선,한국철도공사,37.316055,126.838532,2025-04-08
1757,고잔역,I28K1,수인선,한국철도공사,37.316821,126.823094,2025-04-08
1757,고잔역,I4103,안산과천선,한국철도공사,37.316821,126.823094,2025-04-08
1758,초지역,I28K1,수인선,한국철도공사,37.320583,126.806151,2025-04-08
1758,초지역,I4103,안산과천선,한국철도공사,37.320583,126.806151,2025-04-08
1759,안산역,I28K1,수인선,한국철도공사,37.327006,126.788748,2025-04-08
1759,안산역,I4103,안산과천선,한국철도공사,37.327006,126.788748,2025-04-08
1760,능길역,I28K1,수인선,한국철도공사,37.337488,126.767306,2025-04-08
1760,능길역,I4103,안산과천선,한국철도공사,37.337488,126.767306,2025-04-08
1761,정왕역,I28K1,수인선,한국철도공사,37.351816,126.742844,2025-04-08
1761,정왕역,I4103,안산과천선,한국철도공사,37.351816,126.742844,2025-04-08
1762,오이도역,I28K1,수인선,한국철도공사,37.361773,126.738437,2025-04-08
1762,오이도역,I4103,안산과천선,한국철도공사,37.361773,126.738437,2025-04-08
1763,수리산역,I4103,안산과천선,한국철도공사,37.350297,126.925537,2025-04-08
1801,개봉역,I1101,경인선,한국철도공사,37.494698,126.858504,2025-04-08
1802,오류동역,I1101,경인선,한국철도공사,37.4944,126.844551,2025-04-08
1803,역곡역,I1101,경인선,한국철도공사,37.48514,126.811622,2025-04-08
1804,부천역,I1101,경인선,한국철도공사,37.484066,126.782779,2025-04-08
1805,송내역,I1101,경인선,한국철도공사,37.487626,126.753045,2025-04-08
1806,부평역,I1101,경인선,한국철도공사,37.489457,126.724584,2025-04-08
1807,백운역,I1101,경인선,한국철도공사,37.483301,126.707179,2025-04-08
1808,동암역,I1101,경인선,한국철도공사,37.470835,126.703016,2025-04-08
1809,주안역,I1101,경인선,한국철도공사,37.465041,126.680702,2025-04-08
1809,주안역,I1101,경인선,한국철도공사,37.465041,126.680702,2025-12-31
1810,제물포역,I1101,경인선,한국철도공사,37.466809,126.657165,2025-04-08
1811,동인천역,I1101,경인선,한국철도공사,37.475414,126.632598,2025-04-08
1812,인천역,I1101,경인선,한국철도공사,37.476364,126.616936,2025-04-08
1813,구일역,I1101,경인선,한국철도공사,37.495973,126.869201,2025-04-08
1815,부개역,I1101,경인선,한국철도공사,37.488479,126.740549,2025-04-08
1816,간석역,I1101,경인선,한국철도공사,37.464689,126.693408,2025-04-08
1817,도원역,I1101,경인선,한국철도공사,37.468604,126.642824,2025-04-08
1821,온수역,I1101,경인선,한국철도공사,37.492267,126.823399,2025-04-08
1822,중동역,I1101,경인선,한국철도공사,37.486664,126.764474,2025-04-08
1823,도화역,I1101,경인선,한국철도공사,37.466154,126.66846,2025-04-08
1846,수원역(분당),I4105,분당선,한국철도공사,37.266162,127.000082,2025-04-08
1847,서울숲역,I4105,분당선,한국철도공사,37.543647,127.044686,2025-04-08
1848,압구정로데오역,I4105,분당선,한국철도공사,37.527385,127.040555,2025-04-08
1849,강남구청역,I4105,분당선,한국철도공사,37.516572,127.041575,2025-04-08
1850,선정릉역,I4105,분당선,한국철도공사,37.510775,127.043717,2025-04-08
1851,가천대역,I4105,분당선,한국철도공사,37.448784,127.126677,2025-04-08
1852,태평역,I4105,분당선,한국철도공사,37.439842,127.127746,2025-04-08
1853,모란역,I4105,분당선,한국철도공사,37.432124,127.129064,2025-04-08
1854,야탑역,I4105,분당선,한국철도공사,37.41132,127.128661,2025-04-08
1855,서현역,I4105,분당선,한국철도공사,37.384931,127.123249,2025-04-08
1856,수내역,I4105,분당선,한국철도공사,37.378435,127.114216,2025-04-08
1857,정자역,I4105,분당선,한국철도공사,37.366037,127.108091,2025-04-08
1858,미금역,I4105,분당선,한국철도공사,37.350078,127.108952,2025-04-08
1859,오리역,I4105,분당선,한국철도공사,37.339832,127.108985,2025-04-08
1860,이매역,I4105,분당선,한국철도공사,37.395846,127.128272,2025-04-08
1861,보정역,I4105,분당선,한국철도공사,37.31274,127.108219,2025-04-08
1862,죽전역,I4105,분당선,한국철도공사,37.324575,127.107385,2025-04-08
1863,구성역,I4105,분당선,한국철도공사,37.299013,127.105664,2025-04-08
1864,신갈역,I4105,분당선,한국철도공사,37.286127,127.111311,2025-04-08
1865,기흥역,I4105,분당선,한국철도공사,37.275657,127.115944,2025-04-08
1866,상갈역,I4105,분당선,한국철도공사,37.261797,127.108718,2025-04-08
1867,청명역,I4105,분당선,한국철도공사,37.259485,127.078945,2025-04-08
1868,영통역,I4105,분당선,한국철도공사,37.251521,127.071341,2025-04-08
1869,망포역,I4105,분당선,한국철도공사,37.245793,127.057367,2025-04-08
1870,매탄권선역,I4105,분당선,한국철도공사,37.252458,127.040824,2025-04-08
1871,수원시청역,I4105,분당선,한국철도공사,37.261941,127.030736,2025-04-08
1872,매교역,I4105,분당선,한국철도공사,37.265502,127.015657,2025-04-08
1873,고색역,I28K1,수인선,한국철도공사,37.249829,126.9805899,2025-04-08
1874,오목천역,I28K1,수인선,한국철도공사,37.243011,126.9636354,2025-04-08
1875,어천역,I28K1,수인선,한국철도공사,37.250076,126.908805,2025-04-08
1876,야목역,I28K1,수인선,한국철도공사,37.261211,126.884029,2025-04-08
1877,사리역,I28K1,수인선,한국철도공사,37.290809,126.857172,2025-04-08
1878,달월역,I28K1,수인선,한국철도공사,37.379993,126.745431,2025-04-08
1879,월곶역,I28K1,수인선,한국철도공사,37.39189,126.742741,2025-04-08
1880,소래포구역,I28K1,수인선,한국철도공사,37.400963,126.733533,2025-04-08
1881,인천논현역,I28K1,수인선,한국철도공사,37.400641,126.722495,2025-04-08
1882,호구포역,I28K1,수인선,한국철도공사,37.401622,126.708682,2025-04-08
1883,남동인더스파크역,I28K1,수인선,한국철도공사,37.407668,126.695613,2025-04-08
1884,원인재역,I28K1,수인선,한국철도공사,37.412921,126.686952,2025-04-08
1885,연수역,I28K1,수인선,한국철도공사,37.417769,126.678991,2025-04-08
1886,송도역,I28K1,수인선,한국철도공사,37.429714,126.654486,2025-04-08
1888,인하대역,I28K1,수인선,한국철도공사,37.448191,126.649832,2025-04-08
1889,숭의역,I28K1,수인선,한국철도공사,37.460891,126.638035,2025-04-08
1890,신포역,I28K1,수인선,한국철도공사,37.468442,126.624509,2025-04-08
1891,인천역,I28K1,수인선,한국철도공사,37.476364,126.6174236,2025-04-08
1901,방학역,I4102,경원선,한국철도공사,37.667471,127.044295,2025-04-08
1902,도봉역,I4102,경원선,한국철도공사,37.679441,127.045521,2025-04-08
1903,도봉산역,I4102,경원선,한국철도공사,37.689603,127.046047,2025-04-08
1904,망월사역,I4102,경원선,한국철도공사,37.710499,127.047361,2025-04-08
1905,회룡역,I4102,경원선,한국철도공사,37.724037,127.047319,2025-04-08
1906,의정부역,I4102,경원선,한국철도공사,37.73873,127.045891,2025-04-08
1907,가능역,I4102,경원선,한국철도공사,37.748362,127.044251,2025-04-08
1908,녹양역,I4102,경원선,한국철도공사,37.759416,127.042272,2025-04-08
1909,양주역,I4102,경원선,한국철도공사,37.774281,127.044719,2025-04-08
1910,덕계역,I4102,경원선,한국철도공사,37.818761,127.056676,2025-04-08
1911,덕정역,I4102,경원선,한국철도공사,37.843216,127.061511,2025-04-08
1912,지행역,I4102,경원선,한국철도공사,37.892361,127.055734,2025-04-08
1913,동두천중앙역,I4102,경원선,한국철도공사,37.901818,127.056528,2025-04-08
1914,보산역,I4102,경원선,한국철도공사,37.914268,127.057134,2025-04-08
1915,동두천역,I4102,경원선,한국철도공사,37.927569,127.054825,2025-04-08
1916,소요산역,I4102,경원선,한국철도공사,37.948608,127.061007,2025-04-08
1917,청산역,I4102,경원선,한국철도공사,37.995138,127.074097,2025-04-08
1918,전곡역,I4102,경원선,한국철도공사,38.024041,127.071913,2025-04-08
1919,연천역,I4102,경원선,한국철도공사,38.100485,127.07368,2025-04-08
1948,원흥역,I4106,일산선,한국철도공사,37.650709,126.873239,2025-04-08
1949,지축역,I4106,일산선,한국철도공사,37.648114,126.913746,2025-12-31
1950,삼송역,I4106,일산선,한국철도공사,37.653096,126.895559,2025-04-08
1951,원당역,I4106,일산선,한국철도공사,37.653103,126.842891,2025-04-08
1952,화정역,I4106,일산선,한국철도공사,37.634708,126.832503,2025-04-08
1953,대곡역,I4108,경의중앙선,한국철도공사,37.631629,126.810225,2025-04-08
1953,대곡역,I41WS,서해선,한국철도공사,37.631629,126.809802,2025-04-08
1953,대곡역,I4106,일산선,한국철도공사,37.631629,126.811025,2025-04-08
1954,백석역,I4106,일산선,한국철도공사,37.642973,126.788109,2025-04-08
1955,마두역,I4106,일산선,한국철도공사,37.652185,126.777641,2025-04-08
1956,정발산역,I4106,일산선,한국철도공사,37.659709,126.773254,2025-04-08
1957,주엽역,I4106,일산선,한국철도공사,37.670138,126.761232,2025-04-08
1958,대화역,I4106,일산선,한국철도공사,37.675883,126.747756,2025-04-08
1980,김포공항역,I41WS,서해선,한국철도공사,37.5621179,126.804056,2025-04-08
1981,원종역,I41WS,서해선,한국철도공사,37.5240628,126.8048386,2025-04-08
1982,부천종합운동장역,I41WS,서해선,한국철도공사,37.505852,126.797498,2025-04-08
4804,소사역,I1101,경인선,한국철도공사,37.482755,126.795654,2025-04-08
4804,소사역,I41WS,서해선,한국철도공사,37.482755,126.7950654,2025-04-08
4805,소새울역,I41WS,서해선,한국철도공사,37.4685046,126.797228,2025-04-08
4806,시흥대야역,I41WS,서해선,한국철도공사,37.4504787,126.793142,2025-04-08
4807,신천역,I41WS,서해선,한국철도공사,37.4391147,126.786835,2025-04-08
4808,신현역,I41WS,서해선,한국철도공사,37.4091399,126.78788,2025-04-08
4809,시흥시청역,I41WS,서해선,한국철도공사,37.3814109,126.805946,2025-04-08
4810,시흥능곡역,I41WS,서해선,한국철도공사,37.3699903,126.808594,2025-04-08
4811,달미역,I41WS,서해선,한국철도공사,37.3490003,126.809318,2025-04-08
4812,선부역,I41WS,서해선,한국철도공사,37.33459,126.81,2025-04-08
4813,초지역,I41WS,서해선,한국철도공사,37.320083,126.808051,2025-04-08
4814,시우역,I41WS,서해선,한국철도공사,37.3130967,126.795503,2025-04-08
4815,원시역,I41WS,서해선,한국철도공사,37.302654,126.7867897,2025-04-08
7001,구미역,I27K7,대경선,한국철도공사,36.128278,128.331071,2025-04-08
7002,사곡역,I27K7,대경선,한국철도공사,36.098508,128.356416,2025-04-08
7003,북삼역,I27K7,대경선,한국철도공사,36.0560326479866,128.345278,2026-02-28
7004,왜관역,I27K7,대경선,한국철도공사,35.991821,128.400391,2025-04-08
7005,서대구역,I27K7,대경선,한국철도공사,35.881734,128.540121,2025-04-08
7006,대구역,I27K7,대경선,한국철도공사,35.876,128.5961,2025-04-08
7007,동대구역,I27K7,대경선,한국철도공사,35.879376,128.628807,2025-04-08
7008,경산역,I27K7,대경선,한국철도공사,35.8192,128.7276,2025-04-08
8001,부전역,I26K6,동해선,한국철도공사,35.164668,129.06011,2025-04-08
8002,거제해맞이역,I26K6,동해선,한국철도공사,35.181197,129.069015,2025-04-08
8003,거제역,I26K6,동해선,한국철도공사,35.18958,129.074385,2025-04-08
8004,교대역,I26K6,동해선,한국철도공사,35.1938,129.07958,2025-04-08
8005,동래역,I26K6,동해선,한국철도공사,35.204714,129.0773502,2025-04-08
8006,안락역,I26K6,동해선,한국철도공사,35.196007,129.101062,2025-04-08
8007,재송역,I26K6,동해선,한국철도공사,35.188,129.120109,2025-04-08
8008,센텀역,I26K6,동해선,한국철도공사,35.1793,129.1245,2025-04-08
8009,벡스코역,I26K6,동해선,한국철도공사,35.1717,129.135958,2025-04-08
8010,신해운대역,I26K6,동해선,한국철도공사,35.181832,129.176696,2025-04-08
8011,송정역,I26K6,동해선,한국철도공사,35.187832,129.202069,2025-04-08
8012,오시리아역,I26K6,동해선,한국철도공사,35.196256,129.208291,2025-04-08
8013,기장역,I26K6,동해선,한국철도공사,35.244627,129.2188951,2025-04-08
8014,일광역,I26K6,동해선,한국철도공사,35.2675565,129.2330307,2025-04-08
8015,부산원동역,I26K6,동해선,한국철도공사,35.1938,129.113709,2025-04-08
8016,좌천역,I26K6,동해선,한국철도공사,35.311838,129.245197,2025-04-08
8017,월내역,I26K6,동해선,한국철도공사,35.328177,129.276626,2025-04-08
8018,서생역,I26K6,동해선,한국철도공사,35.346121,129.29304,2025-04-08
8019,남창역,I26K6,동해선,한국철도공사,35.419713,129.28223,2025-04-08
8020,망양역,I26K6,동해선,한국철도공사,35.456519,129.287856,2025-04-08
8021,덕하역,I26K6,동해선,한국철도공사,35.494007,129.303094,2025-04-08
8022,개운포역,I26K6,동해선,한국철도공사,35.507884,129.321097,2025-04-08
8023,태화강역,I26K6,동해선,한국철도공사,35.538669,129.353269,2025-04-08
